-14.101374,-0.786843,-1.154866,0.493467,1.029639,-0.642986,34.232762,-0.635850,3.380534,2.185041,2.185041,34.232647,2.185041,-1.154866,-2.065955,-6.983643,-0.439351,0.403457,-1.046800,1.200199,2.006311,-3.944177,0.168227,-0.706964,1.516217,0.258224,2.185040,1.885643,-1.397944,-2.185039,-0.648356,-4.131724,-10.398797,65.607943,0.393627,0.087176,0.641200,4.131734,-0.422793,2.185041,2.185041,0.213693,0.317785,0.626950,1.204869,-0.097872,-0.422793,-0.786843,-0.108834,1.979329,0.291008,0.635870,0.194126,-8.189134,-0.258224,0.644775,-0.784797,0.931596,1.060634,1.886317,-34.232487,-4.286260,10.398788,-3.009569,-0.515778,-0.255342
-0.786843,-0.346254,-0.438130,0.108835,0.142547,-1.029638,6.799942,4.637363,-0.870231,1.373824,-5.041912,-1.557408,-3.602101,-3.009569,-1.794932,-3.836089,1581.837235,0.142547,-34.232476,-0.439777,22.412587,-0.731536,-0.907315,1.709847,-0.108834,0.142547,226.122153,-1.178716,-1.157820,-0.108834,0.422793,0.620775,2.138191,-0.292379,0.159746,-2.842370,-2.185042,-0.142547,-0.452318,-0.916015,0.667003,0.568905,1.112740,0.919694,0.931596,0.111571,-0.422793,-2.257746,0.963079,2.185041,-0.050189,-0.747022,14.101433,8.563307,-0.553111,48.078592,-4.286261,2.403150,1.000632,0.415667,0.712472,-0.110198,6.338500,-0.786843,-0.255342,-0.293751
-3.009569,-0.648352,-0.412917,1.157824,0.412918,0.601597,0.195878,0.871455,-1.625601,-0.684137,-0.476221,-0.546302,-2.092571,-1.557408,-1.964759,-1.055728,-1.055728,-8.189134,-24.791323,-0.309336,0.842288,3.412215,-0.786843,-1.336884,-1.964759,-0.155072,-0.317785,0.000000,0.931596,0.738907,0.950451,1.794932,1.557408,2.065955,-2.185040,-0.300638,0.211009,-5.520382,0.374585,6.095331,0.080805,1.772531,1.197422,3.122592,0.642986,0.111571,-0.931596,-3.602101,-4.131727,0.083869,-3.380506,0.008865,-0.142546,2.192362,1.886317,-2.185039,-2.185039,-1.898704,3.009570,1.029639,0.091160,2.092572,0.016594,-0.806301,-0.728548,-1.557408
3.721072,0.601597,-1.157818,-2.185038,-0.142546,0.601597,-6.983639,0.995587,0.412918,-1.557407,-1.154866,2.185041,0.142547,1.046801,-2.826716,-2.053619,-8.860130,-2.927096,0.463031,0.331389,0.744544,7.244378,-1.743919,-0.837425,0.815649,0.590403,-0.546302,0.255342,0.954083,3.009569,2.257746,5.797882,0.896304,0.744544,-0.071550,-0.931596,0.693526,0.546302,-0.293751,0.635850,-3.280656,0.918342,0.464422,0.000000,-3.009568,2.185042,-14.101389,1582.008466,-1.084423,-1.527456,-2.705995,-3.380502,-8.529769,3.254978,2.572152,3.412217,1.822549,-2.842368,0.246722,-0.916014,2.019970,2.122141,4.286264,-0.524122,-0.744544,-3.314516
-1.557407,5.520388,6.799942,-0.514178,-0.291002,-1.557407,-1.157818,-3.380496,0.142547,-1.557408,3.396299,-0.871444,-0.108834,1.474728,0.355530,1.667063,-2.092571,0.579320,10.398791,-0.317785,-0.346254,0.155072,-4.762162,0.058473,2.185038,0.374587,0.641200,-0.380560,0.522495,0.867008,1.941830,1.398383,3.254977,-1.029638,-11.384794,0.246722,0.142547,-1.557408,-0.786843,-0.168227,0.911496,0.302903,-0.293751,-5.041912,2.185041,1.373824,-0.493466,-0.300622,0.151601,3.380528,-0.463016,-4.973126,3.314517,2.338254,-1581.494884,0.786843,0.436731,0.323086,1.351090,-0.747022,4.131730,1.157823,0.100335,0.066766,-0.346254,3.185241
-0.870231,6.799942,0.452322,1.157824,0.452322,-0.194125,0.452322,0.291010,5.520388,2.185042,-1.157819,2.185041,0.355530,0.601597,-6.983639,-0.497366,-0.968177,-0.292378,0.374587,-0.422793,-0.434936,-0.642986,-1.921349,1.137339,1.157823,-0.678482,-2.510550,-0.155072,-0.160447,-0.309336,-0.118193,-0.346254,1.046801,-2.720235,-0.678482,-0.237740,34.232609,-1.743315,-0.125655,0.071550,0.083527,0.000000,-1.154866,0.412918,-0.374585,7.244835,-1.178716,-2.510553,1.527541,4.637340,-0.995583,-0.732873,-0.292378,21.266927,6.628090,1.157822,0.255342,0.232637,0.512609,-1.197241,0.403457,3.959476,-0.332976,-0.515778,2.185041,0.284419
2.185042,2.185042,-0.871440,-0.142546,-1.046799,0.747023,-4.131727,-0.110198,-0.648352,0.916015,2.185041,1.029219,-0.463012,-3.602101,-1.557408,-4.131727,0.291008,-0.576144,0.058891,0.000000,-0.360676,-2.867924,-1.157820,-0.160631,-0.641200,-0.151578,0.138812,0.071550,-0.931596,-1.221097,-1.241837,1.586070,-0.142546,-1.410548,0.295126,-0.660978,3.396298,-0.726929,-0.411340,-0.615480,-1.272556,10.398791,-1.157819,0.407386,-0.335179,-1.148980,3.380520,0.291007,5.934636,-5.606759,-0.312463,-0.732872,-1.935812,-1.502942,21.856143,0.503966,-2.550590,1.557408,0.748994,1.382090,-1.119213,-1.154866,-0.309336,-0.763640,-0.800059,-79.759422
-3.009568,-4.637301,4.637363,4.637363,-3.944170,2.185043,0.452322,0.648369,-0.374584,2.185042,0.995587,0.291008,-1.557407,-1.557407,-2.092571,-1.129541,3.721072,-4.131727,-0.852394,-1.398383,-7.872240,-0.194125,6.323841,-0.453839,3.721071,-0.320708,-0.211401,-0.852394,-1.008184,-0.696979,-0.108834,-6.799665,0.976901,-0.281411,4.637340,-0.374585,-0.572562,-0.237662,-0.590403,-0.877068,-1.209664,-1.272556,-1.356754,-4.286260,-0.412918,-8.227877,-3.493870,-0.890657,1.566107,0.142547,3.380519,0.979562,-1.502942,0.828267,0.871449,-0.390583,-1.912244,2.338254,2.065955,4.455223,-1.557407,0.422793,-1.008184,-0.083377,-0.601596,21.856143
-0.142546,-0.635850,226.293719,-0.870231,3.380534,6.799942,-0.110198,-0.374584,0.142547,-0.871440,-0.871440,-0.546302,-0.456893,-0.546302,-0.456893,-0.867008,0.142547,0.463031,0.514179,-2.479913,4.286263,0.856001,1.449283,-7.872237,-0.476221,-0.480930,-1.045613,-3.314516,-1.170135,-1.557408,0.066472,0.871450,3.552554,-1.677325,-4.425635,-1.012616,-0.642986,0.125655,0.066766,-0.043506,-0.365028,-1.282536,3.852280,-0.813942,-3.539388,-34.232487,-0.142546,-0.871447,-21.855689,-0.237347,3.852280,-1.082993,1.923873,-0.944714,22.466939,1.501997,-0.452313,-8.779397,1.017593,-0.075361,-0.265229,0.541912,-0.985226,3.614889,-0.281411,1.849914
0.142547,0.514179,-0.374584,-0.452309,-0.870231,3.380534,-0.374584,-0.110198,0.995587,3.721072,-1.557407,-1.100778,-2.572151,-1.557407,-2.338253,226.293719,0.220279,0.601597,-0.738907,-2.751686,3.396299,0.864796,-1.557407,-0.546302,-0.409757,-0.821142,-3.412215,-0.386048,-0.187332,-0.852394,-1.849886,18.507148,-3.396297,-0.304345,-1.557408,-0.346254,-0.189729,-0.146876,-0.422793,-0.323086,0.264317,-0.041616,-0.246717,2.291548,4.131730,3.489035,-2.237088,0.291007,1.351090,0.281448,-0.773555,1.527541,0.312464,-0.142546,-0.641200,-3.959472,-6.553335,-2.185039,-2.185039,-0.438129,-1.557408,-0.828266,-1.238627,-0.142546,-0.579318,0.125655
-3.009568,1.238628,-0.870230,-6.799481,3.380553,-1.157818,-1.625601,4.637363,0.142547,-2.338253,-1.154866,-1.557407,-1.100778,-2.572151,3.380534,226.293719,0.142547,4.286266,18.430905,-14.101402,-7.872237,2.185041,-0.194125,7.696608,-6.983642,-0.786843,-0.202710,0.032269,-0.058891,0.300643,-34.232487,-1.553084,4.446092,-0.546302,0.143837,0.237662,0.202710,-0.370522,-0.255342,-0.393627,-1.046800,2.019971,120.533371,2.006311,0.300638,1.857446,-2.185039,0.661034,0.142547,-0.264316,-7.244378,0.374586,21.856143,-7.171317,-1.311549,0.867008,1.008184,14.101435,0.869226,-1.557408,-0.597340,-1.397942,-0.514178,-1.100778,0.400517,0.811673
-1.238627,-0.438129,-0.194125,0.142547,-0.438130,-0.870231,226.293719,6.799942,-3.009568,-0.346254,-0.456893,-0.456893,-5.797878,-0.871440,6.799942,0.747023,-0.110198,-0.463012,1.373824,-4.131727,1.615760,-0.576144,-0.493466,-2.192361,-1.184280,-0.684137,-0.848639,-1.710137,-0.159746,-6.338494,3.551024,-0.223105,-1.557408,-0.038481,0.000000,-0.103819,0.273173,0.208841,0.168227,-0.546302,0.346254,0.456893,0.954084,-5.520376,-0.590203,7.872246,6.234960,0.641200,-2.826716,-1.923857,2.510559,2.134978,3.380528,0.648365,-0.514178,-10.398760,0.047655,0.237662,-2.185038,-1.260158,1.709847,-1.427672,1.397948,0.000000,0.131180,0.738907
1.238628,10.398815,2.185042,-0.438129,-0.452309,-1.625601,-1.625601,0.747023,-2.092571,-1.197421,-1.100778,-4.637301,0.995587,0.747023,-14.101374,0.648369,-2.185038,1.238628,-0.786843,1.238628,0.291008,1.474728,-0.786843,18.430905,-1.886316,-1.990607,-1.717269,2.575325,-0.337193,1.966213,-0.292378,-0.142546,0.143837,0.222307,0.194714,-0.052680,-0.176809,-0.546302,-1.557408,-1.157821,-1.119213,0.433551,-0.192814,0.134129,0.642986,1.336885,-0.355529,0.864796,-1.588104,-1.885639,0.291008,1.397948,0.075367,-0.855978,0.452322,14.101450,1.055728,0.293751,0.285150,-1.084423,-1.561747,-0.075361,0.422793,0.244717,0.389508,0.329373
-3.009568,0.142547,-0.452309,-0.452309,0.142547,-1.157818,-0.142546,-0.291002,-1.154866,-1.029638,1.373824,226.293719,5.520388,-4.131727,0.452322,-0.995581,-0.871440,-2.572151,0.601597,-2.510550,0.747023,10.398797,0.355530,1.151920,-0.684137,-0.580979,-1.812655,1.046801,-7.244378,1.282547,-14.101397,0.175688,0.568905,0.293751,-0.047655,-0.508706,-3.314516,-3.412215,0.228798,1.148982,1.333366,1.474728,1.000633,0.255342,0.202710,-0.041691,0.192814,4.637363,-0.220276,226.122153,-1.449276,3.552554,-4.637317,-2.092571,-1.625601,1.029639,0.984874,0.670873,4.517358,0.108835,-4.131727,0.125655,0.748994,0.675000,0.610888,0.255342
-0.412917,-225.609011,-0.194125,2.185042,-0.438129,-0.438130,-0.374584,-0.255342,-0.546302,1.046801,-0.194125,-1.557407,4.286266,-4.637301,-0.648352,0.291010,-0.870231,1.157824,-0.220275,-6.983639,0.601597,-0.220275,-21.855462,-1.321681,-1.231799,10.398788,2.185040,-8.860130,2.510559,-1.857446,-0.217627,-0.161379,-0.376403,-7.457594,4.286264,-1.794932,-0.786843,-3.009569,0.030491,5.520383,-2.138191,-1.811372,-2.185039,-1.151919,14.101443,1.177340,0.134129,0.202710,6.436589,-0.747022,1.979327,-0.748994,0.071550,-0.100335,2.185043,0.597340,0.242699,0.503780,0.881007,-3.254977,-0.220882,-0.094026,-0.229724,-0.442580,-0.890018,-1.067815
0.747023,-14.101374,-14.101374,-0.438130,0.648369,2.185042,-2.338253,1.046801,6.799942,0.142547,-1.557407,-1.157818,-0.648352,2.185041,2.185042,-0.110198,-0.452309,-0.438129,10.398815,-0.194125,-0.648352,2.185041,-4.131727,34.232762,3.396299,-39.451944,-4.131728,0.142547,-0.606868,0.585127,-0.409757,-1.743315,0.747023,-6.628086,-0.848639,-0.456893,-1.812655,-0.869225,0.335179,-2.751687,5.520383,0.403457,-1581.323764,-0.142546,-10.398769,3.412217,8.563307,-13.087164,2.826717,-0.684137,1.029638,4.131728,2.338253,4.131724,0.786843,1.283959,0.808661,0.546303,0.239735,-14.101374,-0.202710,-0.380560,-0.954083,-0.994437,-0.763640,-1.398383
-3.009568,0.142547,-0.438130,0.648369,0.291010,1.046801,0.514179,0.142547,5.520388,34.232762,2.185042,-4.637301,2.185042,2.185042,0.635870,0.541912,6.799942,-1.157818,0.452322,0.291008,4.286266,2.185042,-2.572151,-0.721484,-0.225954,-0.225954,-3.009569,-0.684137,0.083527,-0.083527,0.220279,6.921268,-0.731536,-0.045486,-0.293751,-1.008184,0.091702,0.133542,-1.557408,-0.546302,-1.557408,18.430905,39.452211,2.092572,-0.747022,1.921350,0.808661,4.131730,-2.257746,-0.309336,-0.043506,0.189729,0.747021,0.125655,1.886317,1.557408,1.557408,1.557408,2.019971,0.488674,0.400517,0.483055,0.867008,0.331389,-0.143837,-0.642986
-2.185038,-0.110198,-0.194125,0.514179,-0.374584,0.747023,-3.009568,-1.557407,-0.374584,0.142547,-5.797878,5.520388,0.995587,-0.635850,0.195878,2.185042,-0.194125,-6.799481,-225.609011,0.514179,1.373824,-2.092571,-1.231798,-0.984874,-1.260158,-0.194125,0.142547,-0.907315,-2.282660,-7.244378,0.641200,-0.242699,-0.143837,-0.131180,-1.557408,-1.178716,-1.777778,-0.192814,0.161379,-0.422793,-1.964759,-6.799635,-5.520377,7.872249,-0.514178,-0.678482,1.753994,0.590403,226.293719,-0.653665,-0.442580,-0.577631,-1.197421,1.557408,0.703249,1.304221,0.931597,3.412217,0.601597,-0.183849,-0.083527,0.138812,0.202710,0.000000,1.553085,1.373823
-0.870231,3.380553,-0.374584,-4.637301,1.238628,-2.572151,-14.101374,0.452322,-4.637301,-5.797878,1.046801,4.637363,-0.995581,0.747023,-2.572151,0.452322,0.452322,-0.648352,-0.871440,-4.637301,5.520388,-1.557407,-2.192361,-6.983639,3.721072,-2.510550,0.412918,5.520384,2.185041,-2.479913,-0.192814,-0.380560,-0.515778,-14.101405,0.291007,3.959476,-0.287554,-0.234955,-14.101405,0.141257,-1.117160,-0.211009,1.979329,-6.338492,1.557408,-2.185039,-11.384794,0.828267,-0.684137,-0.047655,-0.087176,-1.008184,0.579319,3.009570,1.557408,0.815649,1.725100,1.231799,34.232762,-0.231268,-0.138812,-0.404774,-3.521600,-0.374585,0.473841,0.284420
0.142547,-0.871440,0.871455,0.291010,-1.557407,-5.797878,0.452322,0.452322,2.185042,0.142547,-1.157819,0.195878,0.291010,0.747023,-0.648352,-0.648352,-0.374584,6.799942,-1.625601,0.514179,-2.192361,-0.867008,-1.557407,-2.338253,-1.557407,0.514179,5.520388,-0.842288,-0.373144,-0.111571,-0.409757,-0.900938,-8.563295,-0.871445,-0.488674,0.000000,-0.326723,1.119214,0.979562,-0.291006,-8.563298,-0.634242,-0.110198,0.225954,0.118193,-0.083527,1.557408,0.708668,-0.763640,-0.763640,1.373823,3.273897,7.244835,-10.398769,-4.499820,2.192362,3.836091,3.380553,0.931596,0.194714,-0.269406,15.229662,-0.579319,4.637340,2.706023,-120.531641
1.157824,-0.870231,2.185042,-0.931596,10.398815,3.380553,0.142547,2.185043,-6.799481,0.452322,1.238628,1.238628,0.648369,-0.110198,1.373824,5.520388,-0.194125,6.799942,-0.871440,3.380553,1582.008466,-1.557407,2.185041,-14.101389,0.355530,3.380528,0.916015,-3.602101,-1.557408,-2.685109,2.775038,-3.712668,-0.488674,0.043506,0.234955,-0.842288,226.122153,-1.586069,0.458423,0.045486,0.180494,-0.050042,-0.620775,2.185038,-0.786843,-0.202710,0.131180,0.620775,-6.436583,3.396298,0.678483,-30.915595,-3.493779,1.321681,0.916645,-1.373823,1.373824,0.052680,0.503780,-1.029638,-0.194125,-0.211009,-0.441673,1.046801,-0.202710,0.842288
-1.157818,2.185042,-14.101374,-4.637301,0.514179,5.520388,0.747023,0.648369,-0.452309,-1.557407,-1.557407,-0.291002,-0.870231,-4.131724,5.520388,-1.157818,-0.648352,1.238628,0.514179,-225.609011,1.046801,-2.092571,-14.101389,0.291008,-0.463012,0.601597,3.721072,3.396299,-5.797881,34.232647,-0.700574,-0.091160,-0.034496,-0.143837,-0.050189,3.989926,-0.708665,0.142547,0.143837,0.464422,0.100335,-0.597340,3.396299,-0.133511,1.231799,0.388289,0.279697,1.283959,-0.220275,79.760190,-0.931596,2.775038,2.510559,3.314517,0.508706,0.821142,-1.557407,-0.159220,-1.921349,7.245063,-0.412918,-0.223105,-0.269406,-0.095527,-0.041691,0.148128
0.142547,-1.157818,-0.870231,-1.157818,-2.572151,0.747023,0.648369,-0.995581,-14.101389,1582.008466,-0.648352,-6.799481,0.291010,-0.648352,6.799942,0.452322,0.142547,0.514179,-0.452309,0.995587,-0.476221,-1.154866,3.380534,-4.637301,5.520388,-5.797878,4.286266,-1.154866,-0.346254,-0.058891,0.244717,0.043506,-6.436583,0.813944,-0.916014,-1.885639,-0.300229,0.488674,0.601697,0.293751,-0.380560,0.601597,-0.030491,-1.397944,0.648364,1.177340,0.362567,-0.000000,0.514179,-1.812655,-0.458422,1.178791,3.273897,-1.615759,4.873673,-2.185039,-0.234955,-1.557408,26.575926,-0.355529,-0.438130,0.134129,0.852394,0.077075,-0.058891,-0.546302
1.157824,-0.871440,-14.101374,-0.931596,-0.871440,-0.870231,0.452322,-3.944177,-0.452309,0.291008,2.185041,0.142547,-0.995581,-0.648352,34.232762,5.520388,-4.637301,0.452322,-0.438129,-14.101374,-5.041912,-0.220275,-2.510550,2.185041,-21.855462,-2.510550,6.921268,-0.931596,-1.177340,-0.613105,-0.050042,-14.101402,-0.341705,8.860219,0.355530,0.572562,0.734233,0.570596,0.959449,0.346254,0.291010,-2.842368,-1.474727,-0.291005,-0.008838,3.096329,2.751688,-0.183849,0.293751,0.493467,-0.374585,34.232647,0.708668,4.517358,-10.398769,-6.983639,34.232762,0.514179,-0.931596,-0.111571,2.092571,1.049454,0.881007,1.197421,0.546302,-0.373144
1.238628,5.520388,5.520388,0.452322,-0.110198,-0.374584,-0.871440,-3.380496,-0.438130,-3.009568,-14.101374,-0.110198,-0.870231,-1.557407,-14.101374,-0.438130,-0.110198,0.142547,-4.637301,-0.438130,-0.220275,0.601597,4.286266,-7.244150,-0.463012,6.921268,-2.019970,0.747023,-3.602101,-0.439148,-0.642986,-2.047743,-0.503964,-0.712472,0.143837,0.293751,0.120579,-0.255342,-1.100778,-4.637301,1.886317,2.138192,-2.185039,-1.326357,0.001265,-0.291005,-7.244150,-0.837425,1.557408,4.637363,-0.346254,1.397948,0.374586,-2.185039,14.101450,0.546302,0.273173,0.597340,1.921349,1.964759,0.984874,0.907315,0.143837,-0.346254,0.142547,-1.084423
0.142547,0.142547,-1.157818,0.452322,1.046801,-0.194125,-3.380496,4.637363,2.185042,1.373824,226.293719,-0.648352,-14.101374,0.142547,-0.110198,-0.438130,2.185043,3.380534,-0.870231,-0.870231,5.520388,-2.338253,3.380534,226.293719,-2.572151,-1.557407,0.747023,-2.019970,-0.111571,-0.047655,2.134978,1.777782,-0.225954,-0.120579,0.155072,0.120579,-0.285150,-0.546302,-0.786843,-0.194125,6.983652,0.202710,0.659943,0.706964,-10.398760,-0.579318,-0.455365,-3.396296,3.494053,-0.984874,7.245063,-1.615759,-0.291005,-0.355529,0.317785,0.684137,0.984874,0.606868,0.346254,0.091160,0.000000,-3.009569,-0.463016,0.374586,0.871450,0.747023
0.374587,0.142547,-14.101374,0.747023,0.871455,-6.799481,-1.157818,2.672429,0.374587,0.452322,4.286266,-2.572151,0.452322,-0.110198,0.747023,-2.338253,-0.452309,-0.452309,1.238628,3.380553,0.514179,3.380534,226.293719,4.286266,3.721072,-2.510550,0.355530,-1.000632,-0.386048,-6.983639,1.527541,-0.143837,0.231268,0.138812,0.265229,0.326723,-0.066766,-0.077075,-0.476221,0.195878,-0.142546,-5.520377,3.009570,-4.286257,0.309336,1.857446,6.983648,-2.185039,0.995587,-0.463012,0.151601,0.463031,2.510563,-1.921349,0.000000,-1.231798,-0.984874,-0.546302,-1.557407,1.474728,0.292379,3.428277,0.040247,-1.449276,-1.321681,-0.931596
2.185042,-14.101374,1.046801,-0.438130,-0.438130,0.142547,0.142547,0.648369,0.871455,-1.557407,-0.931596,6.799942,-0.870231,0.142547,1.046801,-0.648352,0.541912,0.142547,2.185042,0.452322,-6.799481,-0.194125,1.046801,-0.648352,226.293719,-2.510550,10.398797,-0.821142,-0.907315,0.455366,-2.751686,-0.143837,-0.168227,-0.187332,-0.414399,-0.585127,-1.283959,-1.283959,0.291008,-0.083377,-1.642628,-0.482173,0.407386,-6.404563,-0.820384,14.101433,-1.151919,-0.142546,0.195878,226.293719,-0.635850,-6.799596,-0.995581,-0.393627,-0.667003,-0.404774,-0.255342,-0.659943,0.747023,5.276062,1.157822,1.157822,-4.637317,-2.138191,-9.116205,1.238628
0.747023,1.046801,-0.871440,-0.870231,0.142547,-4.637301,-3.380496,-225.609011,4.286266,4.286266,-0.438130,-0.110198,1.046801,-0.648352,-0.110198,-0.648352,0.514179,1.046801,-0.871440,0.452322,0.142547,2.185042,6.799942,-0.871440,10.398815,-0.931596,-0.143837,-0.202710,-1.283959,-3.602101,0.436731,0.346254,0.000000,-0.279697,-0.175688,-0.422793,-0.456893,-1.283959,-1.474727,8.854297,2.006311,1.811402,-527.107359,-0.246405,-0.281411,-1.326357,-0.963079,0.871452,10.398797,0.541912,-0.747022,-0.870231,-0.100335,0.546302,0.285150,0.189729,0.143837,0.514179,-0.916014,-2.185039,1.811402,-2.510550,1.979329,-0.403454,3.721071,-1.382090
-3.944170,0.747023,0.747023,-1.157816,0.871455,1.157824,-0.870231,18.204098,-0.871440,0.142547,0.142547,1.046801,-0.110198,0.648369,0.514179,1.046801,0.142547,0.142547,-1.157818,0.142547,-4.637301,0.452322,-4.637301,-14.101374,-5.797878,-0.867008,-0.642986,-0.143837,0.125655,0.300229,0.524122,1.336884,1.067815,0.314107,0.194714,0.000000,-7.872237,-0.837425,3.663832,-2.185039,0.327859,-0.885821,-3.380509,-2.006306,-0.300622,1.777782,2.006312,5.520388,-0.374584,-0.142546,2.185042,0.442580,0.255342,0.546302,0.000000,-1.231798,-0.648352,-8.189134,-1.474727,-6.799596,0.412918,6.799827,21.856370,-3.412215,-0.546302,-0.620775
5.520388,5.520388,-0.374584,4.637363,1.157824,3.380553,3.380553,-3.944177,-1.157816,-4.131724,0.747023,-6.799481,-0.870231,10.398815,10.398815,-0.870231,-0.871440,2.185042,5.520388,-0.438130,-0.452309,0.514179,-14.101374,1.046801,-14.101374,-1.557407,-0.738907,-0.346254,-0.213693,-0.087176,-0.574873,-0.931596,-0.748994,-0.346254,-1.197422,-0.463016,0.237741,-0.995583,-18.430842,4.922386,0.323587,-0.327857,-0.493466,0.995586,1.157822,-0.291005,3.721072,0.000000,1.557406,-3.380553,4.757934,-1.667063,2.338253,0.984874,1.046801,-0.579318,1.157822,-2.720235,0.374586,0.708668,-0.220275,-7.171317,-3.412215,-0.225954,0.000000,-0.217627
18.203946,3.380534,-0.110198,-0.438130,1.046801,6.799942,-0.452309,6.799942,1.046801,-4.637301,0.648369,-0.870231,2.185042,-4.637301,-0.110198,-0.871440,10.398815,1.046801,-0.871440,-0.870231,2.185042,2.185042,1.046801,-3.009568,-0.684137,-0.546302,-0.346254,-0.422793,-0.488674,-0.546302,-1.008184,-3.521600,-3.521600,-2.338253,1.397947,-1.013356,0.635865,-0.568046,11.166564,2.911930,0.300643,0.747023,34.232762,-0.374584,34.232762,-0.931596,0.867008,0.546302,-1.553085,-0.747023,2.403149,39.451944,7.171293,-0.867008,0.786843,-79.759166,1.351090,1.137339,1.157823,-0.635850,0.601597,-1.100778,0.000000,0.062582,0.202710,0.083527
1.557408,0.871455,1.046801,-1.157816,-6.799481,-6.799481,6.799942,0.142547,-0.438129,-0.438130,0.142547,2.185042,-0.452309,0.648369,2.185041,-5.797878,6.799942,-0.374584,0.514179,3.380553,-6.799481,-4.637301,-6.983639,-2.192361,10.398797,-2.192361,-0.309336,-0.155072,-0.202710,0.000000,-0.984874,-65.607943,-1.350242,0.747023,-0.220276,1.709847,-0.337193,-3.959473,4.376384,-0.142546,-1.285179,0.597340,0.546302,1.157820,-0.300643,2.572151,1.372622,0.497366,0.346254,0.546302,1.557407,-0.422793,0.312828,0.852394,0.577631,0.488674,2.338254,0.871452,-4.637301,-0.168227,0.000000,0.077075,0.077075,-0.083527,-0.488674,-3.602101
0.374587,3.380553,0.142547,-0.452309,0.871455,3.380553,-1.157816,-3.944170,-3.944177,2.185043,-14.101329,-3.944170,-0.291002,-1.157816,10.398815,0.514179,1.046801,10.398815,2.185042,-0.870231,0.871455,2.185043,-14.101374,1.238628,2.185041,-0.829223,-0.590403,-1.964759,-1.857446,-6.436583,-0.493466,34.232647,-1.557408,1.046801,0.916015,-0.553111,-1.132552,-0.176578,2.185042,0.706964,0.684137,1.557408,0.546302,0.476221,2.192361,-2.185042,0.142547,-14.101389,-0.108834,1582.008466,-0.442580,3.396299,-2.185039,3.521601,5.041918,-5.520376,0.890018,1.157827,0.476221,-5.520384,-3.396299,0.867008,-0.346254,-0.422793,0.514179,-0.142546
0.374587,-0.514178,-0.452309,-0.194125,1.046801,0.291008,-0.110198,-0.870231,0.142547,0.514179,-0.871440,-1.625601,-1.157816,-1.625601,3.380553,-4.131724,-1.557407,2.185042,-3.944177,-1.625601,-4.131724,10.398815,2.185043,-4.131724,-0.546302,-0.476221,-1.557407,-3.412215,-2.019970,4.762162,-3.602101,-0.721484,-0.852394,-6.983639,-2.185039,24.149836,0.374586,-0.984874,0.907315,2.685109,14.101389,0.183849,-0.546302,0.916015,1.397948,-0.151578,1.029219,-2.338253,-0.255342,0.143837,-0.648352,-4.286260,-0.258224,-1.238627,-4.973126,-1.615759,5.520388,0.842288,0.842288,1.557408,-1.979329,-1.157823,-0.412918,0.867008,0.000000,1.557407
-1.238627,0.871455,-1.157816,3.380553,-0.142546,-3.380496,4.286266,-14.101374,-0.438129,6.799942,0.142547,1.046801,0.648369,-0.438129,-4.131727,-3.009568,-0.871440,0.291010,-0.374584,2.185043,-0.871440,-1.157818,-5.797878,-1.557407,0.000000,-0.125655,-0.100335,0.000000,2.338253,0.476221,0.091160,-0.279697,-8.563295,-0.291005,-1.746079,0.579320,1.157818,0.856635,0.694674,14.101397,0.110198,-2.185047,-0.438129,2.510563,-0.576144,6.921268,-0.642986,0.066766,-0.077075,-0.648352,-1.615759,4.131731,3.602104,-1581.494884,-0.641200,-0.546302,0.597340,0.483055,0.585127,0.255342,1.557407,1.557407,1.157818,3.380477,-2.672429,-0.312828
-1.157818,0.142547,-0.871440,0.374587,0.374587,-1.557407,-0.546302,18.204098,-3.944177,-4.131724,0.142547,-6.799481,-0.452309,0.747023,-2.572151,2.185042,1.046801,10.398815,2.185043,-3.944177,0.871455,10.398815,-1.557407,-0.546302,-0.309336,-0.546302,-0.620775,-0.066766,0.234955,-2.185042,0.786843,-0.291002,0.374586,-0.576145,0.142547,0.293751,0.546302,1.765975,0.546302,0.293751,-0.255342,0.255342,-1581.323764,-0.601596,5.520388,-0.168227,-0.077075,-0.404774,2.185041,-0.452312,-0.855978,0.194126,1.390634,5.308917,-1.029638,-0.118193,-0.178326,-0.546302,-1.557408,2.927099,-0.075361,0.856009,0.355530,3.380528,-0.635850,-0.747022
-3.944177,-0.438129,-0.438130,6.799942,0.747023,2.185042,-0.374584,-1.625601,0.142548,6.799942,0.871455,-0.870231,0.747023,10.398815,-4.131724,2.185042,-1.557407,5.520388,3.380553,-0.291002,-14.101329,-0.546302,-0.202710,0.000000,-0.786843,-0.346254,-0.234955,0.000000,-0.317785,0.000000,-225.609011,-2.185038,0.374587,-1.557407,0.546302,0.503780,-0.178326,-0.269406,-0.890018,0.291008,-0.747022,0.606869,1.557408,0.635870,-0.606868,0.000000,-0.279697,-1.557407,1.029219,1.157823,-1.709846,-3.721068,-0.963079,-0.870231,-0.225954,0.000000,-1.231798,-1.557408,1.677329,-0.463016,-0.237740,1.311550,1.811402,-1.588104,-1.777778,-2.006306
-1.238627,0.871455,0.142547,0.747023,-1.625601,-1.625601,0.514179,5.520388,-0.452309,-0.452309,-1.157818,0.291010,-1.157818,1.046801,-14.101374,-3.009568,-0.374584,-0.374584,0.514179,0.747023,-1.557407,-0.422793,-0.293751,0.143837,0.255342,0.476221,0.380560,0.000000,-0.706964,0.374586,-2.185039,10.398815,-0.291008,3.712668,2.826716,5.797878,0.442580,-0.404774,2.185041,-0.058473,226.122153,-3.036985,1.129541,-0.438130,-0.630438,-0.684137,-6.983639,0.142547,-4.286257,3.602104,-2.185039,-1.238627,2.572153,5.520388,-0.404774,0.183849,0.000000,-0.452309,-3.380502,-0.108834,-14.101397,-0.264316,-0.075361,0.355530,0.355530,-0.108834
5.520388,-4.131724,0.142547,-3.944177,-3.944177,2.185043,-0.374584,-0.452309,-0.452309,0.747023,-0.374584,-0.870230,-0.871440,-1.557407,-1.557407,0.142547,0.142547,-4.131724,2.185042,-14.101374,-0.422793,-0.202710,-0.125655,-0.183849,0.000000,-0.125655,-0.346254,0.747023,0.300643,-0.648356,-0.721484,-0.095527,0.309336,-2.185041,-0.291008,-0.142547,-1.373824,0.000000,-0.870231,-0.142546,1.157822,-0.576145,0.194126,10.398815,-0.279697,-0.786843,-0.738907,-2.192361,-1.238627,2.019971,1.557408,-0.412917,14.101450,3.380553,-0.168227,-0.642986,-3.380496,-0.916014,-0.438129,0.142547,-0.108834,-0.871444,0.601597,10.398797,-4.131727,-0.786843
2.185043,-1.625602,-1.625601,-0.374584,0.747023,0.871455,0.374587,-1.157818,10.398815,0.291010,0.871455,0.291010,-1.029638,-1.029638,10.398815,10.398815,-0.546302,-14.101329,2.185047,-0.346254,0.000000,0.168227,0.346254,-0.255342,-0.346254,-2.338253,-1.157818,0.635870,0.142547,-0.867008,-0.183849,-0.217627,-0.931596,-1.120369,-65.607943,-1.557407,1.285179,-0.000000,0.606869,6.983652,0.452322,-0.648352,-0.648352,0.143837,0.077075,-0.091160,-0.456893,6.799942,-3.396295,-1581.323764,-2.185039,-6.921254,-0.648352,0.309336,-0.202710,-0.374585,-21.855462,-0.438130,-3.721067,-0.870231,-0.984874,-0.684137,-0.346254,-0.100335,0.091160,0.000000
0.374587,-1.625601,0.747023,0.747023,-1.625601,-1.625602,-1.157816,0.142548,-0.871440,-1.625601,0.142547,-1.557407,10.398815,5.520388,5.520388,-5.797878,5.520388,10.398815,-0.546302,0.000000,-0.393627,0.143837,0.000000,-0.168227,-14.101374,1.046801,5.520388,10.398815,-0.786843,-0.476221,-0.309336,-0.721484,-6.983639,-7.872237,-1.557408,-0.684137,-0.346254,-1.046799,0.842288,0.620775,-1.373822,0.648369,-0.721484,-0.071550,-0.786843,-1.197421,-14.101374,-1.046799,2.192362,0.931597,-1581.323764,-0.374584,-0.620775,-0.346254,6.799942,-1.157818,0.514179,0.220279,0.291010,0.786843,0.984874,0.293751,0.293751,0.111571,0.000000,0.412918
0.142547,2.185043,0.142547,-3.944170,-3.944177,2.185043,0.142547,-0.291002,-0.291002,0.747023,-4.131724,0.747023,0.142548,-1.557407,10.398815,2.185042,-1.557407,-0.456893,-0.346254,-0.202710,-0.346254,-0.476221,-1.557407,2.185043,1.046801,-2.572151,5.520388,5.520388,-14.101374,-1.557407,-1.964759,3.396299,-0.346254,0.000000,0.317785,0.000000,2.185043,3.602104,4.131731,1.921350,-5.520372,-1.154866,-0.100335,-4.131727,-6.983639,-1.067815,-2.192361,0.871455,0.786843,0.684137,0.346254,-6.799481,-2.572151,-3.412215,2.185041,1.238628,-0.291004,-0.871444,-0.404774,-0.404774,34.232762,0.195878,0.916015,1.615760,7.245063,2.572152
-14.101329,18.204098,-3.944177,0.142547,2.185043,18.204098,-0.291002,0.291010,2.185043,0.142547,2.185043,-0.931596,-0.202710,-0.546302,-1.557406,0.000000,0.000000,-0.143837,-0.168227,-0.422793,-0.202710,-2.338253,-1.557407,-4.131724,-14.101329,10.398815,2.185042,-14.101374,-2.572151,5.520388,4.286266,-0.684137,-0.202710,-0.436731,-1.154866,2.185041,0.374586,1.067815,-2.185039,3.009572,1.157816,0.202710,0.346254,-0.684137,-0.393627,-0.546302,-0.168227,-0.291002,2.338254,0.721485,2.019971,0.374587,-0.393627,-1.029638,6.799942,-0.870230,-0.291004,-2.572151,-1.964759,1.046801,-0.050189,0.291008,1.137339,0.864796,-6.436583,-1.557407
14.101511,-3.380477,-1.157816,-14.101329,-1.157816,18.204098,0.142548,0.142548,-3.380477,2.185043,-0.786843,-0.684137,10.398815,10.398815,-0.931596,-0.546302,-1.029638,-1.557407,-2.572151,-2.572151,-0.931596,-1.557407,-0.867008,-3.009568,2.185043,-1.557407,-1.557407,-0.931596,2.185042,-2.572151,-0.393627,-0.083527,-2.192361,0.455366,-0.374585,-30.915595,-0.001264,-1581.494884,-0.601596,0.183849,-0.747023,-2.185041,-10.398797,0.648352,-2.185041,0.404774,0.346254,-0.143837,1.557408,0.829223,3.009571,-1.100778,-1.197421,0.995587,-0.871440,-1.625601,-3.944170,2.185042,-5.797878,34.232762,0.635870,0.635870,-14.101389,-0.476221,-3.009569,2.185041
-2.185036,-0.142545,2.185043,2.185043,2.672433,0.142548,3.380553,-3.380477,0.142548,-0.346253,-4.131724,10.398815,10.398815,-1.557407,-1.557407,-4.131724,-4.131724,-5.797878,-2.338253,-1.197421,-2.338253,-3.009568,-5.797878,1.238628,34.232762,-14.101374,0.747023,0.452322,-4.637301,-2.192361,-0.422793,-14.101329,-0.220275,-14.101405,-1.557408,0.747023,0.025080,-0.452312,-0.273173,-0.143837,0.346254,0.842288,1.100778,2.572151,1.557407,0.000000,0.142547,1.921350,0.931597,2.572152,1.029639,-0.291010,-0.546302,2.185041,4.286266,-0.648352,-0.452309,0.142547,-1.557407,-0.871440,0.871455,-2.338253,-0.225954,0.000000,0.693526,-1.238627
2.672433,1.157827,2.672429,0.142547,0.747023,-0.291002,-0.291002,2.185042,-1.557407,0.142548,-14.101329,-0.931596,-0.546302,-3.009568,-1.557407,-0.931596,-0.546302,-0.346253,-0.684137,-1.029638,-2.338253,-1.557407,10.398815,2.185042,-2.572151,1.373824,0.541912,0.195878,0.747023,-1.260158,-0.597340,-1.557407,0.291002,-1582.008466,-0.111571,-6.983639,0.412918,-1.557406,0.000000,-0.476221,-0.091160,-0.456893,-2.572151,-6.799481,-225.609011,0.142547,0.025080,-22.412511,-5.520376,-34.232304,1.029638,4.131727,-1.197422,0.168227,-0.871440,-1.625602,1.157824,-14.101374,-1.029638,-4.131727,3.380553,-0.786843,-0.597340,-0.620775,1.557410,-0.546303
-2.185036,1.157827,1.285179,-1.157816,18.204098,-3.944170,-1.157816,-14.101329,-3.009568,10.398815,-1.557407,-0.931596,3.380553,0.142547,-4.131727,-4.131727,-2.572151,-1.557407,-4.131724,-0.546302,-1.029638,-0.786843,-0.931596,-1.557407,18.204098,1.157824,3.380534,2.185042,1.238628,-0.842288,-0.467730,-0.202710,0.931596,0.058473,-5.041918,-3.009572,4.131724,1.231798,-18.430905,0.404774,0.217627,-0.202710,-0.871440,0.195878,-0.855978,-0.514178,-0.142546,-1.474727,1.157823,0.083527,0.422793,-0.312828,1.067815,0.786843,-0.291002,18.204098,1.285179,0.000000,-0.786843,2.185042,0.142547,-14.101374,-0.931596,-0.659943,-0.931596,0.747023
2.672429,1.285179,1.285179,1.285179,2.672429,0.693526,2.185043,-14.101329,0.142548,-4.131724,-3.009568,0.747023,0.291010,-1.157816,0.747023,-2.338253,-2.192361,-5.797878,-1.100778,-2.572151,-14.101374,-1.557407,5.520388,0.452322,-0.438129,-3.944177,2.185043,6.799942,0.514179,-0.442580,-0.302903,-0.546302,-0.409757,-2.338253,-1.557409,-0.312828,2.192361,1.964759,-0.963079,-2.185041,5.797878,-0.346254,0.422793,0.984874,-1.474727,-6.799596,2.510563,0.696552,-1.557407,0.077075,-0.684137,-0.747022,1.350242,1.157823,3.380534,-0.194125,1.046801,2.185042,0.747023,0.452322,0.514179,-0.225954,0.083527,-0.620775,-0.142546,1.154866
1.285179,2.672429,2.672429,1.285179,0.142548,2.672429,2.672429,-4.131724,-1.557407,-1.157816,2.185043,10.398815,-14.101329,-4.131724,-0.786843,-0.786843,-1.557407,-2.338253,-14.101374,1.046801,-1.557407,34.232762,-0.648352,-0.648352,0.142547,0.142547,-0.870231,-6.799481,-1.154866,-0.829223,-3.602101,-9.116205,-4.455221,2.185040,0.825405,1.326371,-5.308913,-0.760204,-1.129541,0.000000,-0.142545,0.255342,0.456893,0.380560,0.422793,14.101450,-2.185039,226.293719,-0.155072,-0.442580,-0.635850,-0.747022,3.009571,-4.286257,-0.871440,0.142547,1.238628,3.721072,-0.194125,3.380553,-0.100335,0.077075,-0.202710,-0.291002,226.293719,-14.101374
14.101511,-2.185033,2.185047,2.185047,-0.142545,1.157827,-14.101329,-1.557407,0.291010,0.747023,-4.131724,10.398815,0.142547,0.747023,-3.009568,-4.131724,0.142547,-1.557407,-1.100778,-0.786843,10.398815,0.291010,0.142547,2.185043,-0.871440,-0.871440,1.046801,10.398815,0.142547,1.373824,2.185041,-14.101397,1.667063,0.916015,0.514179,-0.264316,2.185041,-3.521600,-4.131728,-3.785037,0.291007,2.510563,1.197422,0.309336,0.380560,0.100335,0.422793,-0.786843,-1.557408,-0.579318,0.058474,-0.142546,-0.747022,0.693525,-1.557407,-1.157816,-0.871440,0.142547,-0.393627,0.309336,0.620775,-0.225954,-2.572151,-3.380477,3.009572,0.108835
-14.101329,-1.557406,1.285179,-0.142545,-2.185033,0.693526,0.142548,2.672433,-1.157816,-1.557407,0.142547,0.291010,0.142547,-1.557407,-14.101374,0.142547,-1.029638,-0.293751,-3.009568,0.514179,-0.194125,5.520388,10.398815,-1.625602,-3.944177,10.398815,2.185043,-1.625601,0.291010,-5.797878,-0.786843,-0.931596,-1.197421,-2.019970,6.921268,-0.696550,-14.101397,-2.192361,-2.685109,0.083378,-0.869225,22.412587,-0.579318,5.041918,1.557408,0.255342,-0.225954,0.620775,1.474728,1.238628,-0.995581,-0.291004,3.380534,10.398815,-0.142545,0.374587,0.142547,-0.202710,0.083527,0.476221,0.202710,2.185043,-4.637301,-0.110198,3.412217,0.786843
-14.101329,-3.380477,1.157827,2.185043,1.285179,-2.185036,1.285179,-14.101329,-0.546302,1.285179,1.285180,-1.557407,-0.546302,2.185043,2.185043,-1.029638,0.000000,10.398815,-3.944177,-0.871440,5.520388,-4.131727,3.380534,0.452322,2.185042,1.046801,-0.871440,-0.871440,0.747023,-5.797878,-2.092571,6.921268,1.373824,-0.493466,1.677329,-0.773555,7.696608,5.520383,-0.194125,-0.579318,-2.192361,-5.308913,-0.648356,-3.396295,0.871455,-1.625601,2.019971,0.476221,-0.142545,0.601597,-0.648352,0.194126,0.142547,-3.412215,-0.438129,4.637363,-0.786843,-0.225954,-0.546302,-0.546302,3.380553,-3.380477,0.648369,-0.452309,1.157824,14.101511
-2.185036,18.204098,0.142548,1.285179,-3.380477,2.672433,-14.101329,-14.101329,-1.157816,-1.157816,-1.557407,-0.546302,3.380553,2.185043,-0.931596,-0.546302,-1.557407,3.380553,2.185043,-0.546302,-0.546302,-1.157816,-0.374584,-1.557407,0.142547,0.142547,-0.374584,0.747023,6.799942,0.291010,2.185042,-4.131727,-0.220275,-0.855978,0.747023,-5.041912,1.046801,-3.254977,-9.116205,10.398791,2.185041,0.380765,0.016594,0.601597,4.637363,6.983652,-10.398760,1.557409,-2.185038,0.142548,-0.871440,1.157827,-0.786843,-4.131724,-0.452309,2.185042,-0.620775,-0.642986,-0.620775,-1.283959,-5.797878,21.856370,4.637363,-0.374584,0.871455,-0.995581
1.285179,0.693526,-1.157816,2.672429,-0.142545,0.693526,-1.157816,-1.157816,-1.157816,-14.101329,10.398815,18.204098,-1.157816,-0.546302,-1.557407,-1.557407,5.520388,2.185042,-3.009568,-3.009568,0.142548,1.285179,-14.101329,2.185043,3.380553,-14.101329,0.747023,-3.944177,6.799942,-1.557407,-0.546302,-0.374584,1.157824,-1.557407,-0.125655,-1.100778,-1.154866,-0.867008,2.185041,3.380528,-1.157820,4.286264,-1.336884,-65.607943,3.380534,-0.452309,1.157827,-4.286257,1.157824,-14.101374,0.693525,2.185043,-0.786843,0.693526,1.557409,0.747023,-1.197421,-1.557407,-0.393627,18.430905,21.856370,1.157823,-2.338253,0.635870,-3.721067,1.029639
0.693525,1.157827,-0.142545,-1.157816,2.185047,-0.142545,1.285179,-14.101329,-14.101329,2.672429,2.672433,10.398815,-0.255342,-1.557407,-1.557407,2.185043,0.747023,2.185042,10.398815,-14.101374,-14.101374,0.291010,-1.157816,2.185043,-1.557407,-14.101329,1.157827,-0.291002,2.185043,-2.338253,-4.637301,0.635870,10.398797,-1.557407,-14.101374,0.514179,-2.338253,-6.983639,0.514179,0.514179,-0.546302,-0.255342,-0.442580,-0.931596,-0.786843,-3.380477,-10.398760,-2.185039,-1.625601,-2.192361,0.514179,-0.291002,-1.029638,-0.786843,14.101466,-2.185036,-1.029638,-0.606868,1.373824,6.019154,0.514179,-1.557407,-0.291004,-0.995581,1.046801,0.000000
1.557408,1.157827,2.185047,2.185047,2.672433,1.157827,2.185047,0.142548,18.204098,3.380553,2.185043,-1.557407,10.398815,10.398815,2.185043,0.142548,-14.101329,-1.557407,-0.931596,-1.557407,-0.871440,0.142547,-1.557407,-1.557407,-14.101329,-1.157816,1.157827,1.285179,2.672433,18.204098,6.799942,0.291010,5.520388,-3.412215,-4.131727,-2.572151,34.232762,10.398797,-6.983639,-1.154866,-0.786843,-2.019970,-2.439852,-1.557408,3.380528,2.019971,5.041918,-0.142546,-14.101329,10.398815,0.995587,-1.557407,-2.192361,-0.995581,-1.238627,-0.546302,-0.546302,2.185043,-225.609011,1.046801,-2.092571,0.635870,-0.635850,-0.546302,0.000000,-0.546302
2.672433,2.185047,0.142548,-0.142545,1.157827,0.142548,0.142548,1.157827,2.672433,0.142548,0.747023,0.747023,0.747023,-3.009568,5.520388,10.398815,2.185043,-1.557407,10.398815,18.204098,0.291010,-14.101374,-14.101374,1.046801,-0.374584,-1.157816,2.672429,-3.380477,18.204098,-14.101329,2.185047,-1.557407,-0.786843,-0.684137,-0.456893,-4.131724,0.747023,-1.557407,-1.154866,-0.867008,-14.101374,4.286266,-1.964759,-0.025079,-1.777778,1.397948,-0.142546,-0.546302,1.557406,-2.185033,2.185043,0.747023,-0.870231,0.291008,-5.797878,-14.101374,0.142547,-0.194125,2.185043,-14.101329,3.380553,0.452322,-0.293751,-0.100335,-0.255342,0.693526
0.693525,1.285179,1.285179,1.285179,0.693525,0.693525,1.285179,1.285179,-1.557406,2.672433,1.285179,-4.131724,-1.557407,3.380553,0.747023,-3.009568,-1.557407,2.185043,0.747023,0.747023,1.285180,0.747023,2.185042,0.142547,-2.572151,2.185042,1.157824,0.871455,0.747023,2.185042,0.142547,-1.157816,-4.131724,-0.168227,-0.684137,-0.786843,-0.255342,0.202710,0.293751,0.000000,-0.422793,-0.255342,0.291010,0.291008,-14.101389,-14.101389,-0.143837,0.000000,-1.557406,0.546303,-2.185033,-1.557407,0.693526,-0.142545,-14.101329,-0.374584,-1.157818,-6.983639,10.398797,-0.374584,2.185043,-0.255342,-0.456893,-2.192361,1.238628,0.142547
14.101511,1.285179,2.185047,0.693526,1.285179,1.285179,0.693526,2.185047,1.157827,-3.380477,2.185043,2.185043,3.380553,-14.101329,-0.255342,-0.546302,-1.557407,2.185043,-14.101329,-14.101329,-1.157816,2.185047,-0.786843,-0.786843,2.672429,-6.799481,6.799942,2.185043,0.291010,0.291010,2.185042,-0.931596,0.000000,0.000000,-0.346254,-0.202710,0.202710,0.125655,0.168227,0.000000,0.786843,-2.185047,1.557410,-0.786843,-0.125655,-0.091160,-0.293751,0.747023,-0.110198,1.157824,2.185047,-1.557407,-0.291002,0.142548,-1.557406,-0.142545,1.285179,0.142548,-1.029638,0.000000,0.000000,2.185043,-1.625601,2.185042,-4.131727,3.721072
1.285179,2.185047,-1.157816,-0.142545,-0.142545,0.142548,-1.157816,-2.185036,-0.142546,2.672429,0.291010,0.747023,-1.557407,-0.422793,-1.557407,2.185043,0.747023,0.747023,2.185042,0.291010,3.380553,-1.557407,-4.131724,1.285180,-3.380477,2.672433,-14.101329,3.380553,2.672429,-0.786843,0.000000,0.143837,0.168227,-0.255342,-0.255342,-0.546302,0.168227,0.000000,-0.346254,-0.125655,0.456893,-0.142548,-4.131734,4.637301,1.557407,0.000000,0.514179,0.579320,-0.291004,10.398797,-5.797878,-0.291004,-225.609011,2.185042,0.142547,1.285179,0.000000,0.546302,0.984874,0.346254,-0.747021,0.194126,10.398815,0.000000,2.185047,0.931597
1.285179,1.157827,2.672429,-1.157816,0.693526,-0.142545,1.157827,-3.380477,-0.142545,-3.380477,-1.157816,-0.931596,-0.255342,-0.786843,-14.101329,2.185043,2.185043,3.380553,3.380553,2.185042,-4.131724,0.142547,5.520388,0.142547,1.157827,-0.871440,-3.944170,0.291010,-0.546302,0.000000,0.000000,-0.202710,-0.931596,-1.557407,-0.546302,-0.293751,-0.255342,-0.202710,-0.202710,0.000000,-0.143837,1.557407,5.797878,-2.185041,0.291002,0.255342,-5.520372,0.374587,2.185047,-1.557407,0.648369,-0.995581,1.046801,-2.338253,10.398797,-2.572151,-0.346254,-0.125655,-0.931596,-5.520372,-2.185038,-4.637301,-0.546302,0.000000,-10.398815,0.931596
-2.185036,2.672433,2.185047,0.142548,2.672433,-0.142545,-2.185033,-0.142545,-2.185036,1.157827,-4.131724,-1.557407,-0.422793,-0.346253,-1.557406,2.185047,0.142548,0.142548,-14.101329,-14.101329,3.380553,0.291010,10.398815,1.046801,1.157824,-0.142546,10.398815,-0.202710,0.000000,0.000000,-0.546302,-0.931596,-0.346253,-0.202710,-0.546302,-0.786843,-0.456893,-0.346254,-0.456893,-0.255342,0.000000,0.000000,0.456893,-0.142548,4.131731,2.092572,4.131734,0.546302,0.546302,0.546303,-2.185038,0.000000,-0.346253,-1.157816,2.185042,-0.546302,-0.456893,-0.684137,1.046801,-0.291002,-5.520372,0.747023,-0.346254,-0.189729,-14.101374,0.721485
1.285179,2.185047,0.142548,-0.142545,2.672429,2.185047,1.157827,1.557408,-2.185036,-0.142545,18.204098,-1.557407,-1.197421,-14.101374,0.291010,18.204098,3.380553,0.142548,3.380553,0.291010,-3.944170,0.747023,2.185042,0.871455,-1.625601,-0.546302,0.000000,0.168227,0.202710,0.000000,-0.786843,-0.168227,0.546302,14.101329,0.000000,0.293751,0.309336,0.422793,0.000000,0.091160,-0.111571,-1.557407,-0.721484,-2.185038,0.829223,0.541912,-4.131727,1.046801,1.157827,0.931597,1.285179,1.046801,1.157827,0.142548,0.000000,0.255342,0.143837,-0.255342,0.142548,-0.747022,-1.238627,-2.572151,-0.546302,0.142547,-2.237088,1.046801
0.693526,1.285179,1.285179,1.285179,2.185047,1.157827,-2.185036,1.157827,1.557409,-2.185036,1.285179,-0.786843,-1.557407,2.185042,-0.374584,0.142547,-4.131724,0.291010,-3.380477,3.380553,2.185043,3.380553,0.291010,0.142547,-0.786843,-0.422793,-0.546302,-0.546302,-0.684137,2.185043,10.398815,-0.620775,0.143837,-0.546302,0.202710,0.620775,0.456893,0.000000,0.546302,-0.293751,-0.194125,1.373824,3.380534,1.157823,0.255342,1.557408,3.380534,3.721072,3.721072,-6.799481,3.412217,-0.870231,-0.293751,0.422793,0.393627,0.000000,-0.931596,3.380553,2.338254,6.983652,-0.438130,4.286266,-21.855462,0.452319,0.916015,-0.108834
1.557409,2.672433,2.185047,0.693526,-2.185033,-0.291002,-2.185033,1.157827,1.557409,-2.185036,-1.557407,0.000000,0.000000,0.142547,-4.131724,-4.131724,2.185047,-0.870232,2.185043,-1.557407,0.693525,-3.944177,2.185043,-4.131724,-0.546302,-0.786843,-14.101374,-1.557407,-14.101374,6.799942,-1.157818,-1.100778,-0.202710,2.185043,-0.293751,0.000000,-0.422793,-1.029638,0.786843,-3.380496,-7.171317,-0.058473,1.151920,2.185042,0.546303,0.931597,0.142547,0.142547,-0.871444,0.871452,-7.171317,0.000000,0.476221,0.786843,14.101374,2.185043,-1.157818,-0.870230,-0.747022,0.786843,-0.514178,-0.110198,0.291008,-6.983639,-4.131727,2.185042
