3240.641846,3228.548096,3215.435303,3201.423584,3186.668213,3171.342529,3155.007080,3137.847412,3120.013428,3101.741455,3082.530762,3062.626465,3042.171875,3021.734619,3000.208008,2978.158203,2955.723877,2933.246094,2910.108398,2886.654541,2863.025391,2839.605469,2815.733887,2791.795898,2767.940918,2744.794434,2721.618652,2698.285645,2675.197021,2652.498779,2630.598633,2608.703125,2587.173096,2566.113770,2545.881104,2525.614990,2505.639648,2486.061768,2467.336426,2448.322266,2429.458740,2410.888672,2392.922363,2374.690186,2356.479004,2338.493408,2321.020264,2303.226074,2285.369629,2267.733398,2250.872314,2233.783691,2216.398193,2198.921387,2181.749268,2165.068115,2148.182129,2131.235107,2114.722412,2098.758789,2082.723389,2066.682617,2051.229248,2036.471924,2021.711426,2007.014160
3249.407959,3237.438477,3224.411621,3210.445312,3195.694336,3180.329834,3163.911865,3146.625244,3128.617676,3110.127441,3090.651855,3070.439209,3049.630859,3028.809082,3006.847412,2984.327637,2961.385742,2938.372559,2914.667725,2890.626709,2866.387939,2842.349365,2817.845215,2793.273682,2768.778076,2744.998535,2721.190918,2697.224609,2673.515381,2650.201904,2627.706055,2605.223145,2583.128174,2561.517090,2540.760742,2519.983887,2499.525635,2479.481689,2460.327148,2440.892090,2421.635986,2402.690674,2384.380127,2365.816895,2347.300781,2329.024902,2311.289307,2293.240967,2275.151123,2257.291260,2240.229492,2222.949463,2205.374023,2187.718262,2170.369141,2153.523438,2136.466309,2119.351318,2102.666016,2086.533691,2070.316406,2054.088623,2038.437134,2023.478394,2008.497314,1993.566406
3258.220947,3246.380371,3233.443848,3219.526611,3204.783691,3189.385742,3172.892822,3155.489258,3137.320312,3118.625244,3098.900146,3078.395996,3057.252441,3036.064697,3013.688721,2990.719971,2967.292969,2943.767578,2919.520508,2894.917725,2870.096191,2845.466797,2820.358643,2795.181152,2770.071777,2745.685059,2721.269775,2696.693359,2672.385254,2648.476318,2625.404297,2602.351562,2579.708252,2557.561279,2536.296387,2515.023682,2494.096191,2473.598877,2454.027100,2434.182861,2414.545898,2395.235596,2376.591064,2357.706055,2338.893555,2320.334961,2302.343750,2284.047119,2265.728760,2247.648926,2230.388672,2212.918945,2195.153320,2177.317627,2159.789062,2142.774902,2125.541748,2108.252930,2091.387451,2075.078125,2058.669434,2042.244019,2026.382812,2011.210449,1995.995361,1980.817139
3266.995850,3255.285400,3242.439697,3228.573242,3213.839844,3198.410645,3181.846191,3164.331055,3146.009033,3127.120361,3107.159912,3086.381104,3064.920654,3043.387695,3020.620361,2997.228027,2973.343506,2949.334961,2924.577148,2899.446533,2874.078125,2848.895508,2823.221191,2797.475098,2771.789307,2746.832275,2721.845215,2696.694580,2671.821533,2647.351074,2623.734619,2600.144043,2576.983398,2554.331055,2532.587402,2510.847656,2489.479492,2468.557861,2448.596191,2428.370605,2408.378662,2388.730225,2369.777100,2350.595215,2331.509766,2312.691650,2294.466064,2275.942139,2257.413818,2239.132324,2221.689941,2204.045410,2186.103760,2168.099854,2150.403076,2133.229248,2115.828369,2098.370850,2081.330322,2064.846680,2048.248779,2031.625000,2015.553467,2000.165283,1984.713257,1969.282715
3275.602783,3264.022705,3251.268799,3237.453125,3222.729736,3207.269043,3190.633301,3173.007324,3154.534180,3135.456299,3115.267334,3094.223145,3072.458496,3050.594482,3027.452393,3003.655518,2979.334229,2954.866211,2929.623291,2903.992676,2878.107666,2852.402100,2826.191895,2799.907227,2773.892822,2748.175293,2722.644287,2696.945557,2671.533691,2646.525391,2622.388184,2598.281738,2574.624756,2551.487793,2529.285156,2507.098145,2485.308350,2463.980469,2443.646240,2423.056641,2402.727539,2382.757568,2363.511963,2344.048584,2324.705322,2305.641602,2287.194824,2268.455811,2249.729736,2231.563721,2213.642334,2195.831787,2177.721191,2159.556152,2141.696777,2124.367920,2106.802246,2089.179443,2071.964844,2055.307617,2038.519897,2021.697876,2005.414062,1989.808228,1974.116699,1958.431763
3283.956543,3272.504883,3259.840088,3246.072998,3231.358154,3215.865234,3199.157959,3181.421875,3162.799072,3143.534668,3123.122314,3101.820557,3079.763184,3057.582764,3034.084961,3009.904785,2985.172363,2960.272705,2934.576660,2908.480957,2882.116211,2855.925049,2829.217285,2802.432129,2775.911621,2749.688232,2723.650879,2697.441650,2671.527344,2646.017822,2621.394531,2596.807129,2572.687988,2549.099854,2526.471191,2503.870361,2481.691162,2459.989746,2439.314209,2418.392578,2397.757324,2377.497070,2357.988770,2338.273926,2318.701416,2299.420654,2280.779297,2261.851562,2242.952393,2224.621094,2206.548584,2188.593262,2170.334961,2152.027832,2134.023682,2116.556641,2098.842041,2081.067627,2063.692871,2046.873657,2029.907227,2012.896606,1996.410034,1980.594360,1964.671265,1948.739014
3292.312500,3280.990234,3268.413818,3254.694092,3239.987061,3224.461426,3207.682129,3189.835938,3171.063965,3151.614258,3130.979980,3109.423828,3087.078613,3064.589355,3040.746094,3016.197510,2991.071289,2965.761719,2939.636963,2913.102783,2886.285889,2859.637207,2832.459473,2805.201660,2778.202637,2751.500000,2724.982666,2698.288574,2671.895996,2645.908691,2620.821045,2595.773682,2571.212646,2547.192871,2524.157227,2501.160156,2478.609619,2456.551514,2435.551514,2414.313965,2393.388672,2372.853271,2353.097412,2333.145508,2313.357178,2293.871826,2275.048340,2255.942871,2236.881104,2218.393799,2200.178711,2182.086426,2163.687012,2145.243652,2127.099609,2109.498047,2091.637939,2073.714111,2056.180420,2039.199951,2022.055176,2004.855713,1988.165771,1972.139771,1955.984253,1939.804199
3300.581543,3289.386475,3276.895264,3263.220459,3248.518555,3232.958740,3216.107422,3198.151611,3179.232422,3159.600342,3138.748779,3116.944336,3094.318848,3071.530273,3047.354736,3022.453857,2996.954834,2971.260498,2944.736084,2917.794434,2890.557617,2863.484619,2835.871094,2808.175293,2780.733398,2753.586670,2726.624512,2699.480469,2672.644043,2646.212402,2620.693604,2595.218506,2570.246826,2545.827148,2522.414795,2499.052490,2476.160400,2453.776367,2432.480225,2410.957031,2389.770020,2368.988770,2349.012695,2328.850830,2308.873047,2289.208984,2270.227783,2250.969238,2232.077637,2213.146729,2194.810303,2176.600830,2158.079590,2139.517578,2121.251465,2103.531250,2085.540527,2067.481201,2049.801758,2032.672485,2015.361206,1997.983276,1981.100708,1964.874268,1948.496704,1932.078369
3308.619385,3297.549316,3285.141113,3271.507568,3256.807617,3241.210938,3224.285645,3206.219482,3187.153320,3167.340576,3146.274414,3124.225830,3101.326172,3078.245850,3053.747559,3028.506836,3002.650146,2976.589844,2949.686035,2922.359131,2894.725586,2867.252686,2839.229004,2811.350098,2783.261963,2755.697266,2728.316406,2700.748291,2673.493164,2646.641357,2620.714600,2594.834717,2569.474609,2544.676270,2520.908691,2497.202148,2473.989258,2451.299561,2429.727783,2407.939209,2386.511230,2365.503418,2345.326904,2324.974365,2304.826172,2285.001953,2265.881104,2246.486816,2227.474609,2208.424805,2189.982910,2171.671875,2153.043945,2134.378174,2116.003418,2098.177979,2080.070068,2061.888428,2044.075928,2026.809814,2009.344238,1991.801147,1974.738647,1958.324707,1941.671631,1925.030273
3316.338135,3305.388428,3293.058350,3279.461182,3264.758789,3249.122559,3232.121826,3213.945557,3194.734619,3174.744873,3153.470215,3131.186035,3108.022949,3084.664307,3059.859619,3034.298828,3008.107422,2981.704590,2954.446533,2926.759766,2898.756592,2870.912354,2842.508057,2814.250977,2785.775146,2757.825439,2730.058594,2702.100098,2674.459717,2647.221436,2620.919434,2594.666992,2568.950195,2543.805664,2519.714355,2495.695557,2472.193848,2449.230713,2427.414307,2405.392334,2383.754639,2362.552246,2342.206055,2321.694092,2301.405518,2281.451660,2262.220703,2242.720215,2223.615723,2204.476074,2185.956299,2167.570557,2148.863037,2130.119385,2111.662109,2093.756348,2075.555908,2057.276123,2039.354736,2021.975708,2004.319824,1986.635132,1969.416992,1952.839233,1936.069214,1919.227539
3323.972900,3313.140625,3300.886230,3287.323486,3272.615967,3256.937988,3239.860840,3221.574951,3202.220947,3182.058105,3160.580566,3138.068359,3114.651855,3091.026367,3065.930908,3040.067383,3013.560059,2986.834229,2959.240723,2931.213135,2902.859619,2874.662842,2845.897705,2817.281738,2788.437988,2760.123535,2731.991699,2703.663086,2675.658203,2648.053955,2621.395752,2594.789795,2568.735107,2543.261963,2518.864746,2494.551514,2470.778320,2447.559814,2425.516113,2403.278076,2381.447998,2360.068359,2339.569824,2318.915527,2298.503662,2278.437012,2259.112305,2239.522217,2220.342041,2201.128418,2182.546143,2164.101562,2145.329590,2126.523438,2107.999023,2090.028320,2071.696777,2053.334961,2035.320801,2017.844727,2000.135010,1982.324585,1964.966309,1948.239136,1931.299316,1914.271362
3331.433838,3320.713379,3308.530273,3294.998291,3280.282959,3264.561035,3247.407471,3229.014404,3209.521729,3189.192627,3167.521729,3144.793945,3121.139648,3097.266113,3071.902100,3045.760498,3018.961914,2991.938232,2964.035156,2935.693359,2907.015869,2878.493408,2849.630859,2820.445801,2791.261230,2762.609375,2734.140137,2705.469482,2677.127441,2649.184814,2622.198242,2595.266113,2568.899658,2543.125488,2518.449463,2493.869141,2469.851562,2446.405029,2424.160889,2401.734863,2379.739746,2358.210693,2337.587158,2316.818359,2296.310303,2276.158691,2256.767822,2237.432373,2217.886475,2198.625977,2180.008545,2161.531738,2142.672852,2123.831787,2105.268066,2087.259521,2068.931885,2050.512695,2032.431396,2014.883301,1997.084106,1979.171387,1961.696045,1944.840820,1927.752319,1910.557007
3338.562988,3327.949219,3315.833252,3302.327881,3287.602539,3271.835205,3254.604980,3236.105957,3216.479004,3195.989746,3174.135010,3151.203613,3127.326660,3103.223389,3077.610840,3051.211914,3024.143311,2996.843018,2968.652100,2940.017334,2911.037598,2882.211182,2853.038086,2823.539551,2794.035400,2765.066895,2736.280518,2707.287842,2678.628662,2650.367188,2623.071045,2595.830322,2569.170410,2543.112549,2518.175049,2493.345459,2469.102295,2445.446533,2423.020508,2400.425781,2378.285400,2356.626953,2335.898926,2315.036621,2294.454102,2274.239014,2254.803711,2235.430664,2215.856689,2196.524902,2177.897949,2159.414307,2140.593506,2121.740723,2103.160889,2085.138184,2066.784668,2048.333740,2030.209717,2012.613892,1994.749023,1976.757568,1959.187988,1942.226318,1925.010376,1907.668945
3345.220947,3334.704590,3322.648682,3309.166748,3294.429688,3278.617676,3261.314209,3242.716309,3222.964844,3202.329834,3180.308350,3157.195312,3133.121582,3108.815918,3082.984131,3056.357666,3029.050293,3001.505371,2973.059082,2944.164551,2914.916016,2885.819092,2856.369141,2826.590820,2796.801270,2767.549805,2738.479492,2709.198486,2680.255371,2651.707764,2624.133545,2596.615967,2569.692627,2543.380615,2518.210938,2493.161377,2468.720459,2444.883789,2422.302979,2399.567383,2377.309326,2355.549561,2334.744141,2313.815674,2293.185791,2272.880859,2253.432373,2234.053223,2214.481689,2195.204834,2176.593262,2158.128418,2139.322510,2120.486328,2101.919189,2083.910889,2065.560547,2047.105835,2028.967651,2011.351440,1993.448608,1975.405151,1957.767578,1940.724731,1923.406494,1905.943237
3351.739258,3341.316162,3329.318115,3315.857910,3301.107910,3285.251953,3267.876221,3249.182373,3229.312256,3208.539307,3186.362793,3163.082764,3138.828369,3114.336426,3088.302246,3061.465820,3033.936768,3006.164795,2977.480469,2948.343750,2918.843750,2889.493896,2859.784180,2829.743408,2799.684814,2770.166992,2740.829102,2711.275146,2682.062988,2653.243896,2625.405762,2597.623779,2570.449463,2543.896240,2518.506592,2493.250000,2468.625000,2444.621094,2421.900146,2399.039307,2376.679932,2354.767334,2333.908447,2312.938721,2292.286377,2272.025391,2252.581543,2233.214844,2213.665527,2194.416748,2175.845215,2157.424805,2138.659912,2119.866699,2101.339111,2083.371582,2065.050293,2046.617676,2028.490112,2010.877563,1992.959595,1974.886108,1957.201294,1940.095703,1922.693115,1905.124512
3357.973877,3347.637207,3335.692383,3322.252197,3307.490723,3291.593994,3274.152588,3255.372314,3235.396240,3214.502686,3192.192139,3168.767822,3144.357178,3119.704102,3093.493896,3066.474121,3038.751465,3010.780518,2981.887207,2952.537354,2922.815918,2893.486816,2863.302979,2833.029541,2802.731934,2772.977295,2743.401611,2713.604248,2684.151367,2655.089111,2627.014404,2598.995117,2571.594727,2544.824463,2519.239014,2493.798584,2469.012695,2444.865234,2421.943604,2398.988281,2376.557617,2354.659424,2333.766113,2312.774658,2292.119873,2271.869873,2252.781006,2233.128662,2213.628906,2194.437012,2175.934570,2157.588135,2138.894775,2120.174072,2101.716309,2083.819092,2065.556641,2047.173828,2029.084839,2011.502441,1993.595337,1975.515625,1957.807007,1940.660400,1923.194580,1905.539429
3363.756104,3353.499756,3341.604736,3328.183838,3313.413086,3297.480713,3279.981445,3261.125000,3241.057373,3220.061523,3197.636475,3174.089111,3149.543701,3124.750732,3098.387207,3071.207764,3043.315186,3015.169189,2986.091553,2956.553223,2926.635010,2897.108398,2866.717285,2836.235840,2805.723633,2775.756592,2745.966309,2715.948486,2686.278076,2656.995117,2628.705566,2600.468750,2572.861328,2545.892334,2520.018311,2494.419189,2469.496582,2445.229736,2422.296875,2399.256836,2376.765869,2354.825684,2333.915527,2312.920898,2292.283203,2272.064209,2253.029541,2233.437744,2214.012207,2194.902832,2176.495605,2158.250244,2139.655762,2121.035645,2102.675049,2084.875488,2066.698486,2048.392822,2030.368286,2012.841553,1994.969604,1976.908081,1959.198730,1942.032837,1924.525146,1906.804688
3369.014404,3358.831299,3346.982910,3333.581543,3318.805420,3302.845215,3285.299561,3266.383057,3246.242920,3225.165771,3202.649414,3179.002930,3154.348145,3129.440918,3102.951416,3075.640625,3047.606689,3019.316162,2990.084229,2960.388428,2930.304688,2900.612061,2870.045898,2839.388184,2808.694092,2778.546143,2748.573242,2718.367188,2688.510254,2659.037598,2630.425537,2602.008301,2574.229492,2547.096191,2521.186279,2495.445557,2470.402344,2446.032471,2423.020996,2399.920410,2377.392334,2355.434082,2334.531250,2313.559326,2292.965088,2272.805908,2253.854980,2234.354736,2215.035400,2196.041260,2177.762451,2159.651367,2141.188965,2122.702637,2104.472168,2086.802490,2068.743652,2050.545898,2032.616455,2015.174316,1997.366333,1979.350342,1961.666504,1944.505615,1926.979858,1909.216553
3373.947754,3363.835205,3352.033447,3338.656006,3323.882324,3307.906006,3290.329590,3271.370605,3251.177734,3230.039307,3207.452393,3183.728271,3158.986328,3133.987305,3107.395264,3079.976562,3051.826172,3023.415039,2994.053711,2964.225586,2934.000977,2904.167236,2873.450684,2842.641602,2811.789551,2781.485107,2751.193359,2720.826904,2690.812256,2661.178223,2632.548096,2603.963623,2576.023926,2548.735352,2522.687256,2496.818848,2471.668213,2447.208008,2424.130371,2400.981201,2378.428467,2356.465088,2335.583984,2314.650146,2294.117188,2274.036865,2255.189941,2235.802246,2216.611084,2197.754639,2179.627197,2161.673096,2143.366211,2125.036621,2106.959229,2089.441895,2071.522217,2053.453857,2035.639893,2018.302246,2000.577148,1982.624390,1964.983276,1947.843384,1930.314941,1912.523438
3378.494629,3368.449707,3356.696289,3343.348877,3328.588623,3312.612061,3295.023193,3276.042480,3255.817383,3234.640137,3212.006104,3188.229248,3163.425781,3138.361328,3111.694580,3084.196777,3055.958984,3027.457275,2997.997314,2968.067383,2937.980469,2907.789551,2876.954590,2845.856201,2814.881104,2784.455322,2754.200439,2723.700195,2693.552490,2663.781494,2635.017578,2606.294678,2578.219971,2550.800293,2524.636475,2498.661621,2473.423584,2448.892822,2425.767334,2402.588379,2380.030029,2358.082520,2337.245117,2316.373535,2295.926025,2276.283691,2257.233643,2237.986328,2218.950195,2200.259521,2182.311035,2164.541748,2146.417969,2128.271729,2110.374268,2093.035156,2075.280762,2057.365479,2039.691040,2022.480225,2004.859619,1986.990234,1969.411255,1952.309937,1934.796143,1916.991577
3382.482422,3372.504883,3360.804688,3347.496582,3332.763184,3316.802246,3299.218750,3280.234619,3259.996826,3238.800537,3216.140137,3192.332275,3167.489990,3142.382568,3115.665039,3088.112793,3059.812744,3031.246338,3001.713623,2971.954834,2941.364990,2911.090820,2880.165527,2849.146240,2818.072021,2787.547607,2757.191650,2726.583496,2696.328369,2666.445068,2637.571777,2608.733398,2580.545410,2553.013916,2526.751465,2500.686523,2475.376221,2450.788818,2427.629150,2404.435547,2381.888672,2359.974854,2339.200684,2318.411865,2298.072021,2278.558838,2259.659912,2240.576172,2221.719727,2203.219238,2185.474365,2167.914307,2149.998291,2132.060059,2114.366699,2097.229248,2079.663086,2061.924072,2044.410889,2027.348022,2009.852539,1992.086548,1974.588867,1957.544189,1940.062500,1922.262207
3385.871582,3375.963379,3364.323486,3351.066406,3336.374268,3320.445312,3302.885254,3283.917236,3263.687500,3242.494629,3219.831543,3196.017334,3171.162354,3146.038574,3119.298584,3091.956787,3063.629150,3035.031738,3005.459473,2975.411621,2944.771729,2914.446289,2883.462891,2852.384033,2821.243896,2790.654297,2760.229980,2729.546875,2699.216309,2669.253418,2640.301514,2611.378174,2583.105469,2555.488281,2529.151367,2503.018311,2477.656494,2453.033936,2429.861572,2406.676758,2384.165039,2362.310791,2341.625732,2320.946777,2300.741455,2281.385254,2262.665283,2243.774170,2225.125488,2206.843506,2189.330078,2172.006836,2154.326416,2136.623291,2119.160645,2102.250488,2084.898193,2067.359863,2050.031982,2033.139893,2015.791382,1998.149902,1980.753662,1963.784058,1946.352783,1928.573853
3388.855713,3379.024414,3367.455566,3354.262451,3339.626465,3323.745850,3306.227051,3287.294189,3267.092285,3245.922852,3223.278076,3199.690430,3174.853516,3149.743164,3123.010742,3095.437500,3067.102295,3038.495605,3008.907715,2978.842041,2948.178223,2917.828125,2886.812744,2855.700195,2824.520752,2793.891357,2763.424316,2732.691406,2702.310547,2672.291260,2643.283936,2614.297607,2585.960693,2558.276123,2531.880127,2505.693115,2480.293457,2455.649658,2432.479736,2409.319336,2386.859619,2365.081787,2344.503418,2323.952148,2304.237793,2284.718750,2266.196533,2247.516113,2229.093994,2211.049072,2193.785400,2176.717041,2159.289795,2141.838867,2124.623535,2107.957275,2090.834229,2073.511719,2056.383301,2039.675659,2022.487305,2004.982544,1987.699219,1970.815552,1953.444946,1935.697266
3391.416504,3381.669434,3370.181641,3357.064697,3342.499023,3326.683350,3309.224121,3290.346680,3270.377686,3249.264893,3226.671875,3202.922852,3178.121582,3153.043701,3126.340332,3098.794434,3070.481201,3041.895996,3012.322754,2982.097656,2951.614746,2921.271729,2890.256348,2859.142578,2827.955566,2797.318848,2766.840576,2736.089600,2705.688477,2675.642822,2646.608643,2617.587646,2589.212891,2561.485840,2535.052490,2508.833496,2483.417725,2458.775146,2435.628662,2412.515625,2390.129639,2368.450928,2348.001465,2327.600830,2308.062988,2288.740234,2270.437500,2251.989990,2233.815186,2216.029053,2199.035645,2182.242432,2165.088135,2147.907959,2130.958740,2114.553711,2097.677246,2080.586182,2063.673096,2047.164307,2030.149902,2012.794189,1995.635986,1978.848877,1961.549561,1943.842163
3393.385254,3383.729248,3372.331055,3359.301514,3344.957275,3329.234619,3311.863770,3293.071045,3272.997803,3251.950684,3229.419922,3205.732422,3180.989258,3155.966553,3129.316162,3101.822754,3073.557129,3045.018555,3015.487061,2985.302734,2954.854980,2924.546143,2893.558594,2862.470947,2831.304443,2800.687744,2770.225830,2739.483154,2709.088135,2679.041748,2650.005615,2620.973877,2592.584717,2564.836914,2538.388184,2512.158203,2486.746826,2462.125977,2439.022949,2415.977539,2393.685547,2372.125488,2351.824707,2331.593994,2312.252197,2293.144531,2275.080322,2256.884521,2238.975830,2221.466309,2204.760986,2188.260010,2171.395752,2154.503418,2137.836670,2121.708496,2105.093750,2088.249268,2071.565430,2055.269287,2038.441772,2021.248169,2004.227051,1987.548096,1970.331299,1952.675415
3394.849365,3385.304688,3374.019043,3361.101074,3346.729004,3331.100586,3313.822021,3295.120850,3275.135986,3254.176758,3231.731201,3208.129639,3183.470215,3158.528320,3131.958984,3104.546387,3076.357666,3047.896484,3018.437256,2988.325928,2957.944824,2927.702881,2896.775879,2865.747314,2834.634033,2804.070068,2773.656250,2742.954590,2712.596436,2682.580322,2653.571777,2624.558350,2596.184326,2568.446533,2542.011719,2515.799561,2490.420166,2465.847656,2442.813477,2419.860352,2397.686523,2376.269531,2356.140381,2336.102539,2316.978516,2298.107666,2280.302734,2262.379395,2244.756836,2227.543701,2211.144775,2194.954590,2178.398438,2161.810791,2145.443115,2129.607666,2113.270264,2096.687012,2080.247070,2064.176514,2047.549316,2030.529907,2013.657837,1997.097656,1979.973755,1962.379272
3395.742188,3386.299072,3375.118652,3362.308105,3348.044434,3332.524658,3315.354980,3296.763428,3276.886230,3256.034912,3233.696533,3210.203613,3185.650879,3160.814453,3134.351318,3107.045654,3078.960938,3050.604492,3021.075439,2991.235596,2960.950439,2930.804443,2899.967285,2869.027100,2837.996826,2807.514160,2777.177246,2746.544189,2716.250732,2686.291504,2657.336426,2628.368164,2600.037109,2572.339355,2545.947266,2519.780029,2494.457520,2469.957520,2447.013916,2424.174561,2402.138916,2380.884033,2360.944580,2341.460693,2322.226807,2303.608887,2286.078369,2268.442139,2251.119141,2234.215576,2218.135986,2202.268555,2186.031738,2169.759766,2153.701660,2138.168945,2122.118652,2105.805420,2089.617676,2073.781006,2057.361328,2040.522949,2023.806519,2007.371216,1990.346313,1972.818726
3396.221680,3386.885986,3375.819336,3363.126465,3348.983154,3333.586182,3316.541016,3298.075439,3278.324219,3257.600586,3235.389160,3212.025879,3187.602051,3162.892334,3136.558594,3109.384033,3081.427734,3053.200928,3023.799561,2994.085693,2963.922852,2933.898682,2903.178467,2872.353027,2841.431641,2811.056641,2780.821777,2750.282227,2720.077148,2690.198486,2661.321533,2632.425049,2604.164795,2576.535400,2550.214600,2524.118164,2498.876709,2474.470703,2451.636963,2428.929443,2407.048828,2385.970947,2366.234863,2346.975342,2327.985840,2309.631592,2292.385010,2275.044678,2258.029785,2241.443604,2225.690430,2210.151855,2194.240479,2178.289551,2162.546143,2147.320312,2131.560791,2115.521240,2099.589111,2083.989014,2067.779541,2051.124756,2034.565918,2018.257568,2001.333496,1983.874512
3396.313477,3387.090332,3376.144287,3363.579102,3349.567627,3334.307617,3317.402588,3299.081055,3279.475342,3258.900146,3236.838623,3213.627930,3189.357422,3164.799316,3138.621582,3111.604492,3083.804932,3055.736084,3026.491455,2996.933350,2966.922607,2937.050781,2906.477783,2875.797119,2845.014893,2814.776123,2784.672119,2754.254639,2724.166016,2694.397217,2665.629150,2636.837158,2608.680420,2581.154053,2554.938232,2528.945068,2503.812744,2479.527100,2456.825928,2434.271973,2412.564697,2391.681641,2372.164551,2353.143311,2334.410156,2316.331299,2299.378906,2282.343994,2265.645020,2249.383545,2233.962891,2218.758789,2203.178467,2187.552734,2172.127686,2157.212158,2141.746582,2125.982666,2110.308350,2094.946533,2078.948975,2062.478027,2046.077759,2029.896362,2013.073364,1995.682861
3395.825195,3386.718262,3375.898926,3363.469238,3349.600342,3334.488770,3317.737793,3299.575684,3280.132324,3259.723633,3237.830566,3214.792969,3190.696533,3166.311523,3140.312012,3113.476562,3085.857666,3057.971924,3028.909912,2999.533447,2969.701660,2940.009033,2909.609619,2879.100342,2848.483643,2818.407715,2788.460693,2758.190918,2728.245605,2698.615967,2669.987793,2641.332520,2613.312988,2585.922852,2559.845459,2533.988037,2508.994141,2484.854492,2462.308350,2439.927979,2418.412109,2397.739746,2378.455078,2359.684082,2341.218262,2323.423828,2306.773926,2290.051270,2273.674316,2257.743164,2242.659668,2227.793945,2212.547852,2197.250488,2182.146484,2167.543457,2152.373779,2136.887939,2121.472900,2106.350830,2090.566406,2074.281494,2058.041016,2041.988403,2025.268311,2007.948486
3394.806152,3385.818604,3375.131592,3362.845459,3349.128662,3334.177979,3317.595215,3299.608887,3280.345703,3260.122803,3238.419189,3215.576416,3191.677490,3167.489014,3141.693359,3115.065186,3087.654297,3059.815430,3031.129150,3001.963135,2972.339600,2942.855225,2912.659180,2882.350342,2851.928711,2822.043945,2792.282227,2762.190674,2732.421143,2702.964844,2674.512207,2646.030029,2618.184570,2590.968018,2565.066406,2539.381104,2514.558838,2490.594238,2468.228516,2446.044189,2424.739014,2404.293945,2385.604736,2366.748291,2348.560059,2331.059082,2314.718506,2298.314697,2282.264648,2266.667480,2251.924072,2237.398926,2222.488770,2207.520752,2192.738770,2178.448242,2163.574707,2148.365967,2133.210449,2118.327148,2102.755371,2086.655273,2070.574463,2054.649658,2038.031982,2020.782227
3393.388184,3384.524902,3373.976318,3361.841797,3348.287598,3333.509766,3317.108154,3299.312012,3280.244629,3260.224854,3238.728760,3216.099609,3192.417725,3168.445801,3142.875244,3116.476562,3089.296387,3061.693848,3033.241699,3004.310547,2974.920166,2945.668213,2915.700439,2885.616211,2855.413574,2825.744141,2796.192871,2766.307129,2736.742432,2707.490967,2679.245605,2650.969727,2623.331299,2596.321777,2570.628418,2545.146973,2520.525879,2496.761963,2474.596680,2452.626221,2431.545898,2411.339111,2392.906006,2374.316895,2356.410156,2339.204590,2323.173340,2307.086670,2291.361084,2276.094482,2261.686279,2247.496338,2232.916260,2218.270996,2203.803955,2189.818604,2175.233643,2160.294922,2145.391113,2130.739258,2115.373291,2099.450928,2083.522705,2067.719727,2051.198242,2034.013184
3391.636719,3382.901855,3372.498535,3360.524658,3347.143555,3332.550293,3316.344238,3298.753906,3279.899902,3260.101074,3238.832031,3216.436768,3192.993164,3169.259521,3143.936768,3117.790771,3090.865723,3063.524902,3035.332031,3006.661621,2977.530029,2948.536865,2918.823242,2888.989746,2859.031982,2829.604736,2800.293213,2770.644775,2741.318115,2712.305908,2684.302734,2656.268799,2628.872559,2602.105225,2576.654053,2551.410889,2527.022705,2503.487793,2481.545898,2459.808105,2438.967285,2419.010742,2400.841309,2382.525391,2364.902344,2347.992920,2332.269531,2316.497314,2301.091064,2286.149414,2272.069336,2258.206543,2243.947998,2229.615967,2215.454834,2201.764404,2187.458252,2172.778809,2158.116455,2143.686035,2128.515869,2112.761230,2096.976074,2081.285889,2064.852051,2047.722656
3389.334961,3380.732666,3370.480225,3358.674316,3345.475342,3331.078125,3315.080078,3297.709229,3279.082764,3259.521240,3238.495850,3216.352051,3193.165771,3169.688721,3144.633789,3118.760986,3092.112305,3065.054443,3037.142578,3008.754639,2979.904785,2951.193604,2921.757568,2892.198242,2862.510254,2833.352539,2804.310547,2774.931396,2745.876465,2717.137695,2689.412109,2661.655273,2634.536865,2608.046631,2582.872559,2557.900635,2533.778320,2510.502197,2488.807861,2467.322998,2446.737305,2427.042725,2409.145264,2391.107910,2373.771484,2357.158447,2341.740967,2326.279785,2311.187744,2296.564453,2282.805176,2269.261230,2255.315430,2241.287354,2227.422119,2214.017090,2199.979980,2185.550293,2171.120117,2156.901611,2141.918457,2126.323486,2110.673828,2094.906006,2078.559082,2061.485596
3386.576416,3378.111084,3368.016113,3356.386475,3343.380127,3329.190430,3313.413818,3296.276855,3277.895020,3258.587646,3237.824707,3215.951660,3193.041992,3169.841553,3145.075684,3119.497803,3092.992188,3066.394287,3038.785645,3010.702393,2982.156494,2953.749268,2924.613525,2895.352051,2865.961182,2837.102783,2808.362549,2779.286865,2750.538574,2722.109619,2694.697754,2667.254639,2640.449707,2614.272705,2589.410400,2564.744141,2540.919434,2517.933594,2496.512695,2475.302246,2454.987549,2435.917969,2417.948975,2400.194580,2383.145752,2366.827393,2351.711670,2336.555420,2321.770020,2307.456055,2294.006836,2280.770020,2267.125000,2253.388184,2239.805908,2226.672607,2212.890869,2198.697754,2184.486816,2170.467285,2155.461426,2140.019531,2124.499512,2109.015381,2092.739502,2075.707031
3383.450195,3375.128418,3365.198730,3353.754639,3340.951416,3326.981445,3311.439209,3294.550781,3276.428223,3257.391357,3236.907471,3215.322510,3192.707764,3169.801758,3145.343262,3120.078125,3093.892090,3067.614746,3040.327881,3012.567383,2984.343994,2956.258545,2927.441895,2898.499023,2869.428955,2840.896240,2812.486572,2783.745361,2755.335449,2727.249512,2700.184326,2673.088379,2646.629883,2620.798096,2596.278076,2571.947510,2548.449707,2525.781006,2504.657715,2483.740234,2463.710449,2444.923828,2427.237793,2409.766113,2393.001465,2376.971924,2362.148926,2347.286377,2332.794189,2318.774902,2305.619629,2292.672852,2279.310547,2265.846191,2252.528320,2239.647461,2225.887939,2211.916748,2197.911133,2184.077393,2169.431641,2154.120850,2138.709473,2123.305908,2107.087158,2090.082764
3380.067871,3371.895996,3362.140381,3350.892578,3338.304199,3324.567139,3309.273438,3292.649170,3274.802490,3256.053223,3235.866699,3214.588135,3192.287109,3169.694092,3145.561768,3120.627930,3094.780762,3068.842041,3041.895020,3014.474854,2986.591553,2958.845459,2930.367188,2901.764893,2873.039795,2844.858887,2816.807129,2788.429932,2760.389404,2732.678223,2705.992188,2679.276367,2653.196045,2627.740723,2603.593750,2579.627930,2556.483887,2534.158447,2513.356445,2492.752197,2473.020752,2454.524902,2437.124756,2419.935547,2403.449463,2387.700195,2373.158447,2358.575928,2344.360352,2330.617920,2317.736572,2305.058838,2291.729248,2278.518311,2265.445557,2252.798340,2239.471680,2225.694824,2211.867920,2198.193359,2183.684082,2168.483887,2153.161133,2137.819824,2121.640381,2104.646729
3376.181152,3368.166504,3358.593506,3347.551514,3335.189209,3321.697266,3306.666016,3290.319824,3272.764648,3254.319092,3234.446533,3213.491699,3191.521973,3169.258789,3145.470459,3120.885254,3095.394043,3069.811279,3043.220703,3016.157471,2988.630371,2961.240723,2933.120850,2904.881104,2876.525635,2848.722168,2821.056152,2793.071289,2765.429199,2738.123535,2711.847900,2685.543945,2659.874268,2634.827637,2611.084229,2587.513184,2564.751709,2542.796875,2522.340820,2502.073242,2483.009766,2464.464600,2447.356689,2430.451172,2414.241455,2398.766357,2384.496094,2370.181396,2356.228271,2342.509766,2329.887207,2317.462158,2304.605713,2291.624512,2278.772461,2266.333496,2253.199951,2239.597168,2225.928711,2212.393555,2198.001953,2182.894531,2167.644043,2152.349365,2136.194580,2119.198486
3372.080566,3364.227539,3354.842285,3344.011475,3331.881836,3318.641846,3303.881104,3287.821289,3270.566162,3252.433350,3232.884033,3212.261963,3190.632324,3168.707764,3145.271240,3120.901367,3095.915039,3070.694580,3044.467285,3017.766602,2990.602051,2963.577393,2935.826416,2907.960938,2879.988525,2852.576416,2825.310303,2797.733643,2770.505615,2743.621094,2717.771729,2691.896240,2666.653320,2642.032471,2618.709473,2595.549561,2573.185791,2551.615723,2531.518066,2511.598877,2492.860107,2474.620361,2457.802246,2441.172852,2425.227539,2409.766357,2395.750244,2381.683350,2367.970215,2354.724854,2342.330322,2330.125732,2317.480713,2304.698242,2292.036377,2279.774902,2266.804199,2253.345703,2239.807129,2226.383545,2212.083740,2197.044434,2181.842773,2166.574219,2150.424316,2133.407959
3367.513672,3359.835693,3350.653076,3340.051025,3328.172852,3315.205322,3300.736328,3284.985596,3268.054443,3250.258545,3231.057617,3210.792725,3189.528320,3167.966797,3144.907471,3120.922852,3096.321289,3071.487061,3045.646729,3019.332031,2992.554688,2965.921875,2938.568848,2911.108154,2883.550049,2856.562256,2829.729492,2802.594727,2775.814941,2749.386475,2723.998047,2698.585449,2673.804199,2649.643799,2626.775879,2604.062012,2582.129395,2560.976318,2541.266602,2521.724121,2503.335449,2485.173584,2468.658936,2452.314697,2436.636719,2421.677734,2407.906982,2394.076416,2380.587891,2367.561279,2355.377197,2343.373535,2330.919434,2318.313721,2305.819336,2293.712402,2280.881348,2267.543701,2254.111816,2240.776855,2226.545898,2211.552246,2196.378418,2181.115234,2164.950439,2147.894531
3362.784912,3355.292969,3346.325439,3335.965332,3324.352539,3311.672607,3297.510986,3282.085693,3265.494873,3248.052490,3229.216064,3209.325439,3188.442871,3167.259521,3144.593018,3121.009033,3096.805908,3072.371826,3046.931641,3021.016113,2994.642090,2968.417969,2941.481689,2914.445068,2887.321777,2860.778320,2834.398926,2807.726562,2781.415039,2755.462402,2730.553955,2705.623535,2681.322266,2657.640625,2635.245850,2612.995605,2591.511963,2571.145508,2551.841064,2532.690918,2514.064697,2496.488281,2480.281494,2464.219971,2448.801025,2434.086182,2420.544678,2406.929932,2393.642334,2380.808594,2368.805908,2356.972900,2344.677979,2332.216553,2319.856689,2307.870605,2295.145752,2281.895508,2268.537598,2255.259033,2241.066406,2226.088379,2210.913574,2195.629150,2179.423340,2162.303467
3357.611816,3350.317383,3341.577148,3331.472412,3320.139648,3307.761963,3293.923584,3278.839355,3262.605225,3245.532471,3227.077637,3207.577148,3187.092773,3166.303223,3143.917236,3120.877197,3097.087646,3073.067383,3048.041016,3022.541016,2996.588135,2970.791992,2944.292480,2917.700928,2891.033691,2864.955811,2839.051758,2812.862793,2787.040527,2761.583984,2737.175293,2712.746582,2688.943848,2665.759766,2644.203125,2622.436279,2601.420898,2581.156494,2562.274170,2543.285400,2525.287598,2508.063477,2492.176025,2476.402344,2461.241699,2446.764893,2433.441162,2420.027344,2406.922363,2394.259766,2382.414795,2370.726562,2358.563721,2346.218018,2333.963867,2322.068848,2309.420654,2296.229004,2282.916504,2269.666504,2255.485107,2240.497070,2225.297363,2209.969238,2193.701416,2176.497803
3352.188477,3345.103760,3336.604248,3326.768311,3315.730225,3303.669922,3290.170166,3275.442627,3259.581055,3242.893799,3224.835693,3205.740723,3185.669678,3165.288330,3143.330322,3120.715088,3097.352051,3073.758057,3049.159424,3024.089355,2998.574463,2973.223877,2947.179443,2921.051025,2894.858643,2869.264648,2843.853516,2818.165527,2792.848633,2767.904297,2744.347168,2720.437500,2697.149414,2674.477539,2653.077637,2631.803955,2611.265381,2591.464844,2573.014648,2554.447021,2536.840332,2519.978760,2504.419434,2488.938721,2474.033936,2459.786865,2446.667480,2433.436523,2420.492188,2407.975830,2396.260742,2384.686768,2372.624268,2360.361572,2348.178955,2336.341064,2323.735352,2310.567871,2297.267334,2284.012451,2269.810303,2254.781738,2239.527588,2224.128906,2207.772949,2190.460938
3346.500732,3339.639893,3331.396240,3321.844971,3311.117432,3299.390869,3286.246094,3271.891602,3256.419189,3240.133545,3222.488770,3203.814941,3184.172363,3164.214111,3142.698975,3120.521973,3097.598877,3074.444092,3050.287842,3025.664551,3000.604980,2975.717773,2950.146729,2924.500244,2898.800537,2873.708252,2849.127686,2823.961914,2799.169678,2774.756104,2751.392822,2728.010986,2705.245605,2683.093506,2662.205078,2641.432373,2621.379150,2602.049316,2584.038818,2565.899902,2548.692139,2532.202148,2516.979004,2501.797363,2487.149902,2473.127686,2460.201904,2447.138184,2434.334229,2421.940430,2410.327637,2398.838867,2386.845703,2374.632812,2362.488281,2350.672607,2338.074951,2324.896729,2311.573730,2298.280762,2284.025635,2268.925293,2253.586670,2238.089844,2221.618896,2204.173828
3340.759521,3334.137695,3326.165283,3316.914551,3306.513184,3295.135742,3282.361572,3268.395752,3253.327393,3237.458252,3220.241455,3202.002686,3182.802490,3163.279541,3142.219971,3120.492676,3098.020264,3075.316650,3051.616699,3027.454102,3002.864990,2978.456299,2953.675049,2928.530518,2903.344238,2878.771729,2854.396729,2829.759521,2805.497803,2781.619385,2758.791260,2735.943359,2713.705322,2692.076904,2671.702148,2651.432617,2631.864746,2613.006348,2595.435059,2577.724854,2560.915527,2544.797119,2529.911377,2515.030762,2500.639893,2486.836670,2474.091553,2461.177490,2448.490723,2436.192627,2424.652344,2413.215576,2401.256104,2389.056152,2376.911377,2365.078857,2352.449707,2339.221436,2325.837158,2312.467529,2298.121826,2282.912842,2267.455078,2251.827881,2235.210449,2217.602295
3334.648682,3328.281006,3320.595459,3311.660400,3301.601562,3290.589111,3278.202148,3264.640381,3249.992432,3234.555420,3217.781738,3199.993408,3181.250488,3162.071045,3141.587158,3120.322510,3098.314697,3076.077637,3052.850098,3029.448242,3005.354736,2981.448975,2956.880371,2932.249512,2907.587158,2883.545166,2859.707031,2835.612793,2811.894043,2788.562744,2766.279297,2743.974609,2722.271484,2701.173340,2681.317139,2661.554932,2642.476074,2624.091797,2606.714844,2589.682861,2573.274170,2557.530273,2542.984863,2528.409912,2514.281494,2500.700684,2488.134033,2475.361084,2462.778076,2450.557861,2439.067627,2427.657471,2415.704590,2403.488037,2391.312256,2379.430420,2366.737305,2353.426270,2339.948242,2326.469727,2312.002686,2296.655273,2281.050049,2265.265869,2248.476807,2230.682129
3328.411377,3322.313232,3314.929443,3306.325195,3296.623779,3285.991455,3274.005859,3260.863037,3246.649414,3231.657959,3215.340820,3198.015625,3179.741943,3161.030029,3141.020508,3120.483643,3098.959961,3077.209473,3054.476318,3031.291260,3007.700439,2984.305176,2960.256836,2936.152588,2912.026611,2888.526123,2865.234375,2841.690918,2818.522461,2795.743408,2774.008545,2752.249512,2731.081787,2710.513184,2691.173828,2671.916016,2653.322021,2635.406982,2618.466309,2601.859131,2585.844727,2570.469727,2556.259277,2541.985352,2528.115967,2514.756348,2502.364014,2489.722412,2477.227783,2465.064941,2453.600098,2442.187988,2430.210693,2417.943604,2405.701660,2393.734131,2380.940186,2367.508545,2353.899658,2340.274902,2325.650391,2310.129639,2294.343262,2278.370605,2261.379883,2243.370117
3321.977051,3316.164795,3309.100586,3300.843994,3291.516602,3281.280762,3269.713379,3257.004883,3243.241455,3228.710938,3212.865234,3196.239014,3178.458252,3160.234863,3140.721436,3120.424072,3099.390869,3078.134521,3055.903809,3033.226807,3010.154541,2987.285156,2963.772705,2940.208496,2916.632324,2893.684814,2870.949707,2847.966797,2825.355469,2803.134766,2781.952881,2760.742188,2740.111328,2720.072021,2701.247803,2682.491455,2664.377686,2646.927002,2630.417480,2614.228760,2598.602295,2583.589844,2569.708252,2555.730713,2542.115967,2528.974854,2516.756104,2504.243408,2491.828369,2479.708496,2468.249756,2456.812744,2444.784424,2432.437988,2420.098633,2408.012695,2395.083740,2381.497559,2367.723145,2353.918213,2339.102539,2323.375732,2307.376953,2291.186768,2273.965576,2255.714600
3315.603516,3310.094238,3303.364746,3295.471680,3286.533936,3276.709229,3265.573730,3253.500244,3240.209961,3226.162109,3210.809326,3194.458008,3177.170654,3159.437012,3140.419678,3120.618164,3100.086182,3079.335693,3057.619141,3035.461670,3012.919678,2990.586670,2967.619385,2944.604248,2921.584961,2899.196289,2877.022217,2854.602051,2832.548584,2810.885742,2790.253906,2769.587158,2749.486816,2729.969482,2711.650635,2693.385498,2675.740234,2658.740967,2642.648926,2626.864502,2611.611084,2596.946045,2583.378906,2569.683350,2556.310547,2543.376465,2531.321777,2518.930176,2506.584229,2494.492188,2483.019043,2471.531738,2459.423584,2446.965332,2434.494141,2422.253174,2409.152100,2395.372314,2381.393799,2367.370117,2352.325195,2336.354736,2320.107178,2303.665527,2286.181396,2267.657715
3308.938721,3303.748779,3297.371094,3289.857666,3281.484619,3272.097168,3261.419922,3249.632568,3236.820068,3223.259033,3208.403076,3192.553223,3175.692871,3158.540527,3140.032227,3120.739746,3100.724365,3080.494629,3059.308105,3037.686035,3015.689209,2993.906982,2971.498779,2949.044922,2926.593750,2904.773682,2883.168945,2861.318848,2839.828857,2818.727295,2798.647217,2778.525146,2758.953857,2739.955811,2722.138184,2704.358643,2687.175293,2670.374756,2654.937500,2639.548340,2624.658447,2610.332031,2597.069580,2583.647705,2570.509033,2557.775879,2545.879639,2533.606689,2521.330078,2509.263916,2497.768311,2486.218018,2474.012939,2461.422607,2448.796387,2436.374756,2423.074219,2409.072998,2394.861572,2380.589600,2365.286865,2349.044434,2332.521240,2315.802734,2298.031250,2279.212402
3302.389893,3297.545898,3291.546143,3284.437744,3276.335938,3267.388184,3257.171143,3245.858887,3233.535400,3220.472412,3206.123535,3190.783936,3174.446045,3157.796631,3139.806152,3121.032959,3101.544189,3081.846191,3061.200439,3040.123291,3018.681641,2997.458496,2975.616699,2953.730225,2931.851807,2910.603516,2889.569092,2868.288818,2847.359619,2826.815674,2807.281738,2787.697021,2768.645508,2750.156006,2732.827148,2715.519531,2698.782959,2682.411133,2667.366211,2652.354736,2637.810547,2623.804199,2610.828613,2597.662842,2584.741455,2572.193359,2560.441650,2548.275391,2536.058594,2524.011230,2512.484375,2500.857178,2488.536865,2475.791992,2462.984863,2450.354004,2436.823486,2422.568848,2408.091553,2393.538086,2377.944580,2361.397705,2344.566895,2327.541748,2309.454102,2290.313232
3295.679688,3291.187500,3285.570557,3278.871094,3271.203857,3262.710205,3252.966797,3242.141846,3230.319336,3217.765625,3203.934326,3189.114990,3173.309326,3157.171875,3139.709473,3121.466553,3102.516357,3083.361328,3063.267334,3042.745850,3021.868652,3001.213379,2979.945557,2958.632568,2937.331787,2916.657959,2896.195557,2875.484375,2855.114502,2835.124023,2816.130615,2797.075439,2778.534912,2760.543213,2743.690918,2726.841797,2710.536865,2694.578369,2679.909180,2665.258301,2651.041504,2637.337402,2624.630127,2611.703125,2598.981689,2586.603271,2574.981689,2562.909424,2550.741699,2538.705811,2527.143311,2515.432861,2502.986816,2490.071777,2477.064697,2464.201904,2450.416992,2435.881836,2421.111328,2406.247559,2390.333984,2373.454102,2356.287842,2338.929932,2320.500732,2301.013672
3288.853760,3284.730469,3279.513428,3273.239746,3266.022217,3257.997559,3248.741943,3238.418213,3227.109863,3215.077393,3201.775635,3187.430420,3172.225098,3156.610352,3139.688232,3121.988281,3103.589355,3084.989990,3065.460205,3045.505859,3025.204346,3005.126221,2984.441162,2963.708496,2942.990967,2922.895508,2903.006836,2882.865967,2863.053223,2843.614014,2825.156006,2806.624512,2788.586426,2771.083008,2754.696045,2738.293213,2722.163330,2706.846436,2692.538086,2678.231445,2664.325439,2650.906982,2638.451172,2625.746582,2613.209473,2600.985596,2589.480713,2577.490967,2565.362793,2553.331299,2541.728516,2529.934082,2517.360596,2504.268799,2491.051025,2477.941895,2463.885010,2449.050049,2433.964600,2418.767822,2402.511475,2385.274902,2367.750977,2350.038818,2331.247070,2311.394531
3282.219238,3278.480713,3273.678467,3267.843750,3261.088623,3253.544678,3244.787842,3234.974609,3224.189209,3212.685791,3199.920410,3186.120605,3171.456543,3156.371094,3139.996338,3122.845947,3105.005615,3086.968262,3068.008545,3048.626221,3028.903809,3009.405518,2989.303955,2969.150391,2949.014160,2929.492676,2910.172119,2890.593262,2871.328369,2852.428467,2834.492676,2816.469727,2798.917480,2781.884033,2765.942627,2749.964844,2734.231445,2719.288574,2705.317383,2691.330078,2677.709229,2664.550537,2652.320801,2639.813232,2627.435547,2615.342773,2603.931641,2592.003662,2579.895752,2567.852295,2556.196045,2544.307373,2531.599854,2518.324219,2504.885010,2491.514160,2477.166748,2462.010010,2446.586182,2431.031250,2414.406494,2396.787598,2378.879639,2360.788330,2341.609863,2321.367676
3275.385742,3272.048340,3267.676025,3262.295166,3256.016602,3248.966064,3240.720459,3231.429932,3221.178711,3210.214844,3197.996338,3184.751953,3170.639160,3156.093018,3140.277588,3123.688477,3106.418457,3088.954102,3070.575195,3051.774414,3032.640381,3013.729248,2994.217773,2974.648682,2955.096924,2936.151367,2917.398682,2898.381104,2879.660889,2861.295898,2843.875732,2826.353760,2809.277588,2792.704102,2777.195801,2761.629639,2746.278564,2731.695068,2718.045166,2704.360840,2691.008301,2678.092529,2666.071289,2653.744385,2641.510254,2629.533447,2618.202148,2606.323486,2594.226074,2582.162598,2570.447021,2558.461670,2545.621826,2532.167725,2518.512207,2504.881104,2490.241211,2474.757080,2458.986572,2443.063477,2426.059082,2408.045410,2389.741455,2371.259033,2351.681641,2331.038818
3268.688721,3265.766113,3261.836426,3256.921143,3251.129395,3244.582031,3236.855957,3228.095215,3218.384766,3207.966064,3196.299316,3183.614502,3170.057617,3156.056641,3140.805420,3124.782959,3108.087646,3091.200684,3073.406250,3055.189209,3036.644287,3018.319824,2999.396240,2980.407959,2961.435791,2943.058838,2924.865234,2906.398682,2888.210693,2870.366943,2853.447021,2836.408447,2819.790283,2803.656006,2788.559326,2773.382812,2758.390137,2744.141357,2730.788086,2717.380859,2704.270508,2691.571289,2679.732422,2667.560059,2655.444092,2643.559082,2632.284180,2620.433594,2608.326416,2596.225586,2584.435791,2572.342041,2559.361572,2545.724854,2531.852539,2517.961426,2503.026367,2487.208984,2471.083252,2454.780273,2437.383057,2418.960449,2400.245361,2381.356689,2361.365234,2340.306396
3261.929443,3259.437500,3255.965576,3251.529053,3246.237549,3240.205078,3233.009766,3224.788818,3215.628662,3205.764404,3194.632324,3182.540771,3169.549072,3156.101807,3141.424561,3125.978027,3109.866699,3093.564941,3076.361816,3058.734863,3040.784424,3023.050049,3004.717041,2986.310059,2967.916504,2950.106201,2932.467529,2914.546143,2896.883301,2879.552246,2863.121582,2846.555420,2830.381592,2814.672363,2799.971680,2784.928711,2770.516113,2756.583496,2743.508301,2730.358887,2717.470459,2704.968262,2693.291748,2681.254639,2669.237793,2657.426758,2646.191406,2634.353271,2622.222900,2610.073486,2598.200195,2585.991943,2572.867920,2559.049072,2544.965332,2530.822998,2515.602783,2499.460449,2482.984619,2466.303955,2448.513916,2429.680420,2410.551025,2391.252197,2370.841797,2349.362305
3255.449219,3253.400879,3250.398193,3246.451172,3241.668457,3236.158203,3229.500244,3221.824219,3213.218994,3203.911865,3193.351074,3181.821533,3169.397705,3156.507324,3142.406250,3127.537354,3112.011230,3096.294922,3079.682617,3062.643066,3045.283447,3028.134033,3010.384766,2992.550781,2974.725830,2957.469727,2940.372803,2922.981445,2905.826904,2888.989746,2873.028564,2856.913086,2841.160645,2825.852539,2811.522217,2796.826660,2782.726562,2769.082031,2756.257080,2743.336426,2730.640381,2718.305664,2706.762207,2694.831787,2682.885742,2671.121582,2659.899658,2648.049805,2635.873047,2623.654297,2611.679688,2599.341309,2586.061768,2572.052490,2557.752930,2543.358887,2527.857422,2511.395508,2494.574707,2477.519043,2459.335938,2440.088135,2420.539795,2400.824463,2379.988525,2358.080078
3248.830322,3247.239258,3244.718018,3241.271973,3237.008301,3232.030273,3225.918213,3218.795654,3210.752686,3202.010010,3192.026855,3181.066650,3169.218506,3156.892090,3143.375732,3129.091553,3114.157227,3099.032227,3083.015869,3066.567871,3049.801514,3033.238525,3016.073242,2998.810791,2981.551758,2964.845947,2948.284668,2931.416260,2914.761475,2898.408447,2882.905518,2867.228516,2851.883545,2836.961914,2822.986084,2808.622070,2794.816895,2781.443115,2768.850342,2756.139893,2743.617920,2731.432373,2720.003662,2708.162109,2696.270020,2684.536377,2673.312500,2661.437500,2649.202637,2636.905029,2624.821289,2612.347656,2598.911133,2584.712891,2570.203125,2555.567871,2539.799805,2523.036133,2505.890381,2488.479736,2469.922363,2450.276611,2430.322998,2410.202637,2388.950928,2366.622559
3242.438721,3241.315430,3239.285156,3236.347168,3232.609131,3228.167725,3222.605469,3216.038818,3208.559570,3200.382324,3190.978027,3180.587891,3169.315918,3157.554199,3144.622070,3130.922119,3116.578369,3102.041748,3086.617188,3070.755615,3054.576172,3038.591309,3022.000488,3005.298096,2988.592529,2972.422363,2956.380859,2940.018311,2923.843994,2907.955078,2892.888916,2877.627197,2862.666016,2848.105957,2834.458496,2820.399170,2806.861572,2793.730713,2781.342529,2768.813965,2756.437500,2744.372559,2733.030273,2721.250000,2709.384766,2697.656006,2686.405762,2674.482422,2662.168213,2649.772461,2637.562500,2624.939453,2611.334717,2596.939941,2582.216309,2567.340088,2551.311035,2534.255127,2516.796143,2499.044678,2480.128906,2460.100342,2439.754150,2419.238770,2397.579346,2374.837158
3236.021973,3235.378906,3233.850586,3231.430420,3228.226807,3224.330078,3219.324707,3213.319824,3206.410400,3198.811035,3189.983154,3180.168213,3169.478516,3158.286621,3145.943604,3132.832031,3119.082031,3105.136230,3090.305176,3075.029541,3059.436523,3044.026855,3028.006592,3011.859131,2995.700439,2980.057617,2964.526367,2948.658936,2932.953125,2917.515381,2902.871094,2888.009766,2873.415771,2859.199951,2845.629150,2832.090332,2818.801025,2805.893311,2793.690674,2781.324219,2769.073242,2757.109619,2745.834473,2734.097168,2722.241211,2710.500488,2699.208252,2687.222656,2674.816650,2662.312256,2649.967773,2637.189697,2623.413818,2608.822998,2593.890381,2578.781494,2562.504395,2545.174072,2527.424072,2509.354980,2490.106201,2469.721924,2449.011719,2428.127930,2406.085449,2382.951172
3229.947510,3229.793213,3228.773682,3226.877197,3224.212158,3220.862549,3216.415283,3210.972900,3204.632568,3197.610840,3189.357178,3180.115967,3170.006348,3159.381836,3147.624756,3135.096924,3121.935059,3108.573486,3094.327393,3079.628662,3064.610107,3049.763428,3034.299805,3018.691406,3003.062256,2987.928467,2972.887207,2957.493652,2942.233643,2927.222900,2912.975586,2898.488525,2884.234619,2870.335693,2857.047852,2843.764893,2830.694580,2817.980469,2805.933838,2793.699463,2781.544189,2769.652100,2758.415039,2746.692627,2734.818115,2723.039307,2711.679932,2699.608398,2687.088623,2674.456055,2661.959473,2649.011230,2635.052734,2620.257324,2605.110596,2589.768066,2573.246338,2555.649170,2537.620605,2519.249512,2499.685303,2478.964355,2457.910889,2436.679688,2414.276367,2390.770264
3223.775635,3224.119873,3223.617676,3222.251709,3220.131104,3217.334229,3213.449707,3208.573730,3202.806396,3196.365479,3188.689697,3180.025879,3170.500244,3160.446289,3149.277832,3137.335449,3124.763184,3111.985352,3098.323730,3084.198975,3069.752441,3055.463623,3040.550781,3025.474609,3010.366699,2995.731934,2981.169678,2966.238037,2951.411133,2936.813721,2922.948486,2908.820312,2894.890625,2881.291504,2868.270020,2855.225586,2842.356445,2829.817871,2817.910156,2805.790527,2793.713135,2781.876221,2770.660645,2758.937500,2747.029785,2735.199707,2723.760498,2711.592529,2698.950195,2686.182617,2673.529053,2660.408203,2646.268066,2631.272217,2615.918945,2600.354004,2583.603027,2565.758545,2547.476074,2528.831299,2508.982910,2487.957764,2466.595459,2445.052002,2422.325439,2398.485596
3217.978027,3218.815186,3218.822510,3217.977783,3216.390625,3214.133789,3210.798584,3206.474121,3201.264648,3195.388916,3188.275146,3180.172607,3171.213867,3161.713135,3151.114746,3139.738525,3127.735107,3115.519287,3102.419189,3088.844482,3074.944092,3061.187012,3046.797363,3032.224609,3017.608643,3003.442871,2989.329102,2974.828125,2960.402344,2946.186279,2932.670654,2918.869385,2905.231445,2891.670410,2879.113281,2866.276367,2853.577637,2841.185303,2829.387939,2817.354980,2805.329102,2793.521729,2782.303223,2770.556641,2758.595215,2746.694092,2735.157959,2722.878418,2710.100342,2697.186768,2684.368408,2671.070068,2656.746582,2641.551758,2625.997070,2610.218018,2593.250488,2575.175293,2556.659912,2537.767578,2517.664795,2496.367676,2474.730225,2452.908691,2429.895264,2405.759277
3212.079834,3213.428467,3213.963623,3213.656982,3212.620117,3210.918945,3208.147949,3204.389893,3199.792725,3194.456787,3187.919678,3180.392578,3172.014648,3163.080078,3153.064209,3142.265381,3130.841064,3119.196289,3106.665283,3093.647217,3080.298096,3067.075928,3053.211670,3039.142822,3025.018066,3011.318359,2997.648438,2983.572754,2969.540527,2955.697754,2942.521729,2929.035889,2915.677246,2902.372803,2890.034180,2877.389160,2864.844971,2852.582031,2840.878418,2828.914795,2816.922363,2805.126709,2793.887939,2782.100586,2770.068115,2758.080322,2746.431885,2734.026611,2721.099854,2708.029541,2695.036865,2681.554443,2667.043213,2651.647705,2635.893066,2619.904053,2602.727783,2584.433594,2565.700928,2546.580078,2526.246094,2504.702148,2482.816650,2460.744629,2437.473389,2413.071045
3206.556152,3208.420166,3209.485107,3209.717041,3209.228760,3208.080811,3205.871094,3202.675537,3198.653809,3193.884277,3187.918457,3180.960205,3173.155762,3164.779297,3155.336670,3145.104736,3134.247314,3123.160400,3111.184082,3098.706055,3085.891113,3073.184814,3059.825928,3046.239014,3032.582520,3019.324951,3006.074219,2992.397705,2978.732422,2965.234619,2952.370117,2939.171143,2926.062744,2912.985352,2900.835205,2888.352539,2875.932861,2863.770020,2852.131592,2840.208496,2828.221680,2816.410645,2805.125244,2793.271973,2781.144531,2769.047607,2757.265381,2744.715088,2731.622314,2718.380371,2705.200928,2691.523682,2676.817627,2661.216309,2645.260254,2629.062988,2611.682861,2593.177734,2574.239746,2554.906738,2534.362549,2512.595703,2490.487549,2468.191162,2444.690186,2420.050049
